domain,agency,result,robots_txt,plain_fetch_status,plain_fetch_host,block_style,headless_browser,lighthouse,platform,server_header,cloudflare,last_audit
erie.gov,"Erie County, NY",open,allowed,200,bare,,ok or not needed,ok,,nginx,,2026-09-11
niagaracounty.gov,"Niagara County, NY",open,allowed,200,bare,,ok or not needed,ok,,,,2026-08-18
co.strafford.nh.us,"Strafford County, NH",open,allowed,200,bare,,ok or not needed,ok,,Apache,,2026-08-19
orleanscountyny.gov,"Orleans County, NY",open,allowed,200,bare,,ok or not needed,ok,,,,2026-08-18
rockinghamcountynh.org,"Rockingham County, NH",open,allowed,200,bare,,ok or not needed,ok,,Apache,,2026-08-19
essexcountyvermont.gov,"Essex County, VT",open,allowed,200,bare,,ok or not needed,ok,,cloudflare,yes,2026-08-18
geneseeny.gov,"Genesee County, NY",open,allowed,200,www,,ok or not needed,ok,,,,2026-08-18
cattco.gov,"Cattaraugus County, NY",open,allowed,200,bare,,ok or not needed,ok,,cloudflare,yes,2026-08-18
clintoncountyny.gov,"Clinton County, NY",open,allowed,200,bare,,ok or not needed,ok,,Microsoft-IIS,,2026-08-18
essexcountyny.gov,"Essex County, NY",open,allowed,200,bare,,ok or not needed,ok,,Microsoft-IIS,,2026-09-11
franklincountyny.gov,"Franklin County, NY",open,allowed,200,bare,,ok or not needed,ok,,,,2026-08-19
stlawco.gov,"Saint Lawrence County, NY",open,allowed,200,bare,,ok or not needed,ok,,cloudflare,yes,2026-08-18
hamiltoncountyny.gov,"Hamilton County, NY",open,allowed,200,www,,ok or not needed,ok,,cloudflare,yes,2026-09-09
warrencountyny.gov,"Warren County, NY",open,allowed,200,bare,,ok or not needed,ok,,cloudflare,yes,2026-08-18
essexma.org,"Essex County, MA",open,allowed,200,bare,,ok or not needed,ok,,cloudflare,yes,2026-08-18
hayscountytx.gov,"Hays County, TX",open,allowed,200,bare,,ok or not needed,ok,,cloudflare,yes,2026-08-18
comalcounty.gov,"Comal County, TX",open,allowed,200,www,,ok or not needed,ok,,cloudflare,yes,2026-09-11
blancocountytexas.gov,"Blanco County, TX",open,allowed,200,www,,ok or not needed,ok,,,,2026-09-09
traviscountytx.gov,"Travis County, TX",open,allowed,200,www,,ok or not needed,ok,,cloudflare,yes,2026-08-26
co.caldwell.tx.us,"Caldwell County, TX",open,allowed,200,bare,,ok or not needed,ok,,,,2026-08-19
guadalupetx.gov,"Guadalupe County, TX",open,allowed,200,bare,,ok or not needed,ok,,,,2026-09-12
bexar.org,"Bexar County, TX",open,allowed,200,bare,,ok or not needed,ok,,cloudflare,yes,2026-08-18
kendallcountytx.gov,"Kendall County, TX",open,allowed,200,bare,,ok or not needed,ok,,,,2026-08-18
warrencountyohio.gov,"Warren County, OH",open,allowed,200,www,,ok or not needed,ok,,cloudflare,yes,2026-09-09
clermontcountyohio.gov,"Clermont County, OH",open,allowed,200,bare,,ok or not needed,ok,,Microsoft-IIS,,2026-08-18
co.clinton.oh.us,"Clinton County, OH",open,allowed,200,bare,,ok or not needed,ok,,nginx,,2026-08-18
greenecountyohio.gov,"Greene County, OH",open,allowed,200,www,,ok or not needed,ok,,cloudflare,yes,2026-09-09
mcohio.org,"Montgomery County, OH",open,allowed,200,bare,,ok or not needed,ok,,cloudflare,yes,2026-09-13
bcohio.gov,"Butler County, OH",open,allowed,200,www,,ok or not needed,ok,,,,2026-09-09
hamiltoncountyohio.gov,"Hamilton County, OH",open,allowed,200,bare,,ok or not needed,ok,,,,2026-08-18
sf.gov,"San Francisco, CA",open,allowed,200,www,,ok or not needed,ok,,nginx,,2026-09-06
cookcountyil.gov,"Cook County, IL",open,allowed,200,www,,ok or not needed,ok,,nginx,,2026-08-26
fayettekyclerk.gov,"Fayette County, KY",open,allowed,200,bare,,ok or not needed,ok,,cloudflare,yes,2026-09-09
baltimorecity.gov,"Baltimore, MD",open,allowed,200,www,,ok or not needed,ok,,,,2026-09-01
adlc.us,"Deer Lodge County, MT",open,allowed,200,bare,,ok or not needed,ok,,Microsoft-IIS,,2026-08-18
browncountyohio.gov,"Brown County, OH",open,allowed,200,bare,,ok or not needed,ok,,Apache,,2026-08-18
douglascountynv.gov,"Douglas County, NV",blocks basic request and headless browser,allowed,200,bare,,blocked (403),ok,Cloudflare (other sites),cloudflare,yes,2026-08-18
lyon-county.org,"Lyon County, NV",open,allowed,200,bare,,ok or not needed,ok,,,,2026-08-18
washoecounty.gov,"Washoe County, NV",open,allowed,200,bare,,ok or not needed,ok,,volt-adc,,2026-08-26
eurekacountynv.gov,"Eureka County, NV",blocks basic request and headless browser,allowed,403,bare,cloudflare-challenge,blocked (403),ok,Cloudflare (other sites),cloudflare,yes,2026-08-24
humboldtcountynv.gov,"Humboldt County, NV",open,allowed,200,bare,,ok or not needed,ok,,Microsoft-IIS,,2026-08-19
pershingcountynv.gov,"Pershing County, NV",open,allowed,200,bare,,ok or not needed,ok,,cloudflare,yes,2026-08-18
carsoncity.gov,"Carson City, NV",blocks everything,allowed,403,www,denied-403,not reached,403,Granicus govAccess (Akamai),AkamaiGHost,,2026-09-09
mineralcountynv.us,"Mineral County, NV",open,allowed,200,bare,,ok or not needed,ok,,,,2026-08-19
elkocountynv.net,"Elko County, NV",open,allowed,200,bare,,ok or not needed,ok,,,,2026-08-18
lincolncountynevada.com,"Lincoln County, NV",open,allowed,200,bare,,ok or not needed,ok,,cloudflare,yes,2026-08-18
churchillcountynv.gov,"Churchill County, NV",open,allowed,200,bare,,ok or not needed,ok,,Microsoft-IIS,,2026-08-18
nyecountynv.gov,"Nye County, NV",open,allowed,200,bare,,ok or not needed,ok,,,,2026-08-19
landercountynv.org,"Lander County, NV",open,allowed,200,bare,,ok or not needed,ok,,,,2026-08-18
whitepinecounty.net,"White Pine County, NV",open,allowed,200,bare,,ok or not needed,ok,,Microsoft-IIS,,2026-08-18
clarkcountynv.gov,"Clark County, NV",open,allowed,200,bare,,ok or not needed,ok,,,,2026-08-18
accessesmeralda.com,"Esmeralda County, NV",robots.txt exclusion,disallowed,200,bare,,ok or not needed,none,,,,2026-07-19
storeycounty.org,"Storey County, NV",open,allowed,200,bare,,ok or not needed,ok,,Microsoft-IIS,,2026-08-18
kauai.gov,"Kauaʻi County, HI",open,allowed,200,www,,ok or not needed,ok,,,,2026-08-18
hawaiicounty.gov,"Hawaiʻi County, HI",blocks basic request and headless browser,allowed,403,bare,denied-403,blocked (403),ok,Granicus govAccess (Akamai),AkamaiGHost,,2026-08-24
franklincountyohio.gov,"Franklin County, OH",open,allowed,200,www,,ok or not needed,ok,,,,2026-09-01
co.madison.oh.us,"Madison County, OH",open,allowed,200,bare,,ok or not needed,ok,,,,2026-08-18
unioncountyohio.gov,"Union County, OH",open,allowed,200,bare,,ok or not needed,ok,,nginx,,2026-08-19
co.delaware.oh.us,"Delaware County, OH",open,allowed,200,bare,,ok or not needed,ok,,,,2026-08-19
lickingcounty.gov,"Licking County, OH",open,allowed,200,bare,,ok or not needed,ok,,cloudflare,yes,2026-08-18
co.fairfield.oh.us,"Fairfield County, OH",open,allowed,200,bare,,ok or not needed,ok,,Apache,,2026-08-18
pickawaycountyohio.gov,"Pickaway County, OH",open,allowed,200,bare,,ok or not needed,ok,,Sucuri,,2026-09-09
clarkcountyohio.gov,"Clark County, OH",open,allowed,200,bare,,ok or not needed,ok,,,,2026-08-18
co.champaign.oh.us,"Champaign County, OH",open,allowed,200,www,,ok or not needed,ok,,Apache,,2026-08-18
co.logan.oh.us,"Logan County, OH",open,allowed,200,bare-http,,ok or not needed,ok,,,,2026-09-09
co.marion.oh.us,"Marion County, OH",open,allowed,200,bare,,ok or not needed,ok,,,,2026-08-18
morrowcountyohio.gov,"Morrow County, OH",open,allowed,200,bare,,ok or not needed,ok,,,,2026-09-12
co.knox.oh.us,"Knox County, OH",blocks basic request,allowed,403,bare,denied-403,ok or not needed,ok,Cloudflare (other sites),cloudflare,yes,2026-08-18
dearborncounty.org,"Dearborn County, IN",robots.txt exclusion,crawl-delay,200,bare,,ok or not needed,none,,nginx,,2026-07-19
coshoctoncounty.net,"Coshocton County, OH",open,allowed,200,www,,ok or not needed,ok,,Apache,,2026-09-09
muskingumcountyoh.gov,"Muskingum County, OH",open,allowed,200,bare,,ok or not needed,ok,,Microsoft-IIS,,2026-08-18
perrycountyohio.gov,"Perry County, OH",open,allowed,200,bare,,ok or not needed,ok,,Apache,,2026-08-17
hocking.oh.gov,"Hocking County, OH",open,allowed,200,bare,,ok or not needed,ok,,Microsoft-IIS,,2026-08-18
co.ross.oh.us,"Ross County, OH",open,allowed,200,bare-http,,ok or not needed,failed,,Apache,,2026-09-11
fayette-co-oh.com,"Fayette County, OH",open,allowed,200,bare,,ok or not needed,ok,,,,2026-08-18
waukeshacounty.gov,"Waukesha County, WI",open,allowed,200,bare,,ok or not needed,ok,,,,2026-08-18
county.milwaukee.gov,"Milwaukee County, WI",blocks basic request and headless browser,allowed,403,bare,cloudflare-challenge,blocked (403),ok,Cloudflare (other sites),cloudflare,yes,2026-09-01
washcowisco.gov,"Washington County, WI",open,allowed,200,www,,ok or not needed,ok,,cloudflare,yes,2026-09-09
sheboygancounty.com,"Sheboygan County, WI",blocks basic request and headless browser,allowed,403,bare,denied-403,blocked (403),ok,Granicus govAccess (Akamai),AkamaiGHost,,2026-08-24
fdlco.wi.gov,"Fond du Lac County, WI",blocks everything,allowed,403,www,denied-403,not reached,403,Granicus govAccess (Akamai),AkamaiGHost,,2026-09-09
greenlakecountywi.gov,"Green Lake County, WI",open,allowed,200,bare,,ok or not needed,ok,,cloudflare,yes,2026-08-18
co.dodge.wi.gov,"Dodge County, WI",open,allowed,200,bare,,ok or not needed,ok,,cloudflare,yes,2026-08-18
winnebagocountywi.gov,"Winnebago County, WI",open,allowed,200,www,,ok or not needed,ok,,cloudflare,yes,2026-09-09
co.waushara.wi.us,"Waushara County, WI",broken or unreachable,allowed,error,bare,,error,ok,,cloudflare,yes,2026-08-19
outagamie.gov,"Outagamie County, WI",open,allowed,200,www,,ok or not needed,ok,,,,2026-09-09
co.calumet.wi.us,"Calumet County, WI",open,allowed,200,bare,,ok or not needed,ok,,,,2026-08-19
marathoncounty.gov,"Marathon County, WI",blocks basic request and headless browser,allowed,403,bare,denied-403,blocked (403),ok,Granicus govAccess (Akamai),AkamaiGHost,,2026-08-24
waupacacounty-wi.gov,"Waupaca County, WI",open,allowed,200,bare,,ok or not needed,ok,,,,2026-08-18
co.portage.wi.gov,"Portage County, WI",open,allowed,200,bare,,ok or not needed,ok,,cloudflare,yes,2026-08-18
co.shawano.wi.us,"Shawano County, WI",open,allowed,200,www,,ok or not needed,ok,,,,2026-09-09
woodcountywi.gov,"Wood County, WI",open,allowed,200,bare,,ok or not needed,ok,,Microsoft-IIS,,2026-08-18
co.adams.wi.us,"Adams County, WI",open,allowed,200,www,,ok or not needed,ok,,ESF,,2026-09-09
clarkcountywi.gov,"Clark County, WI",open,allowed,200,bare,,ok or not needed,ok,,cloudflare,yes,2026-08-18
co.taylor.wi.us,"Taylor County, WI",blocks basic request,allowed,403,bare,denied-403,ok or not needed,ok,Unknown platform on Google Cloud,nginx,,2026-08-19
co.lincoln.wi.us,"Lincoln County, WI",blocks basic request and headless browser,allowed,403,bare,cloudflare-challenge,blocked (403),ok,Cloudflare (other sites),cloudflare,yes,2026-08-24
oneidacountywi.gov,"Oneida County, WI",open,allowed,200,bare,,ok or not needed,ok,,cloudflare,yes,2026-08-19
vilascountywi.gov,"Vilas County, WI",open,allowed,200,bare,,ok or not needed,ok,,,,2026-08-18
co.forest.wi.gov,"Forest County, WI",open,allowed,200,bare,,ok or not needed,ok,,DPS,,2026-08-18
browncountywi.gov,"Brown County, WI",open,allowed,200,www,,ok or not needed,ok,,,,2026-09-09
manitowoccountywi.gov,"Manitowoc County, WI",open,allowed,200,bare,,ok or not needed,ok,,cloudflare,yes,2026-08-18
kewauneeco.org,"Kewaunee County, WI",open,allowed,200,bare,,ok or not needed,ok,,,,2026-08-19
co.door.wi.gov,"Door County, WI",open,allowed,200,bare,,ok or not needed,ok,,,,2026-08-19
co.price.wi.us,"Price County, WI",open,allowed,200,bare,,ok or not needed,ok,,,,2026-08-19
co.iron.wi.gov,"Iron County, WI",open,allowed,200,bare,,ok or not needed,ok,,cloudflare,yes,2026-09-13
ashlandcountywi.gov,"Ashland County, WI",robots.txt exclusion,disallowed,200,bare,,ok or not needed,none,,,,2026-07-18
sawyercounty.gov,"Sawyer County, WI",open,allowed,200,www,,ok or not needed,ok,,,,2026-09-09
bayfieldcounty.wi.gov,"Bayfield County, WI",open,allowed,200,bare,,ok or not needed,ok,,Microsoft-IIS,,2026-08-18
chippewacountywi.gov,"Chippewa County, WI",open,allowed,200,bare,,ok or not needed,ok,,,,2026-08-19
ruskcounty.org,"Rusk County, WI",robots.txt exclusion,disallowed,200,bare,,ok or not needed,none,,,,2026-07-19
co.juneau.wi.gov,"Juneau County, WI",open,allowed,200,bare,,ok or not needed,ok,,,,2026-08-18
co.monroe.wi.us,"Monroe County, WI",blocks basic request and headless browser,allowed,403,bare,denied-403,blocked (403),ok,Granicus govAccess (Akamai),AkamaiGHost,,2026-08-24
co.jackson.wi.us,"Jackson County, WI",robots.txt exclusion,disallowed,200,bare,,ok or not needed,none,,,,2026-07-18
dubuquecountyiowa.gov,"Dubuque County, IA",open,allowed,200,bare,,ok or not needed,ok,,Microsoft-IIS,,2026-09-11
co.highland.oh.us,"Highland County, OH",open,allowed,200,bare,,ok or not needed,ok,,Apache,,2026-09-12
fremontcountywy.org,"Fremont County, WY",open,allowed,200,bare,,ok or not needed,ok,,,,2026-08-19
natronacounty-wy.gov,"Natrona County, WY",open,allowed,200,bare,,ok or not needed,ok,,cloudflare,yes,2026-09-11
washakiecountywy.gov,"Washakie County, WY",open,allowed,200,bare,,ok or not needed,ok,,cloudflare,yes,2026-08-19
hscounty.com,"Hot Springs County, WY",open,allowed,200,bare,,ok or not needed,ok,,cloudflare,yes,2026-08-18
parkcounty-wy.gov,"Park County, WY",open,allowed,200,bare,,ok or not needed,ok,,Apache,,2026-08-19
carboncountywy.gov,"Carbon County, WY",open,allowed,200,bare,,ok or not needed,ok,,,,2026-09-11
johnsoncowy.gov,"Johnson County, WY",open,allowed,200,bare,,ok or not needed,ok,,cloudflare,yes,2026-08-18
conversecountywy.gov,"Converse County, WY",open,allowed,200,bare,,ok or not needed,ok,,,,2026-08-18
campbellcountywy.gov,"Campbell County, WY",open,allowed,200,bare,,ok or not needed,ok,,cloudflare,yes,2026-08-19
sheridancountywy.gov,"Sheridan County, WY",open,allowed,200,bare,,ok or not needed,ok,,,,2026-08-18
bighorncountymt.gov,"Big Horn County, MT",open,allowed,200,bare,,ok or not needed,ok,,,,2026-08-18
tetoncountywy.gov,"Teton County, WY",open,allowed,200,bare,,ok or not needed,ok,,cloudflare,yes,2026-08-18
sublettecountywy.gov,"Sublette County, WY",open,allowed,200,bare,,ok or not needed,ok,,Microsoft-IIS,,2026-08-18
lincolncountywy.gov,"Lincoln County, WY",open,allowed,200,bare,,ok or not needed,ok,,,,2026-08-18
plattecountywyoming.com,"Platte County, WY",open,allowed,200,bare,,ok or not needed,ok,,nginx,,2026-08-18
goshencountywy.gov,"Goshen County, WY",open,allowed,200,bare,,ok or not needed,ok,,,,2026-08-18
niobraracounty.org,"Niobrara County, WY",open,allowed,200,bare,,ok or not needed,ok,,Microsoft-IIS,,2026-08-18
westongov.com,"Weston County, WY",open,allowed,200,bare,,ok or not needed,ok,,cloudflare,yes,2026-08-19
crookcounty.wy.gov,"Crook County, WY",robots.txt exclusion,disallowed,200,www,,error,ok,,,,2026-09-09
bighorncountywy.gov,"Big Horn County, WY",open,allowed,200,bare,,ok or not needed,ok,,Apache,,2026-08-19
uintacountywy.gov,"Uinta County, WY",open,allowed,200,bare,,ok or not needed,ok,,,,2026-08-18
hcnh.org,"Hillsborough County, NH",broken or unreachable,allowed,error,bare,,ok or not needed,ok,,,,2026-08-19
merrimackcounty.net,"Merrimack County, NH",open,allowed,200,bare,,ok or not needed,ok,,,,2026-08-18
loraincountyohio.gov,"Lorain County, OH",open,allowed,200,bare,,ok or not needed,ok,,,,2026-08-18
eriecounty.oh.gov,"Erie County, OH",open,allowed,200,www,,ok or not needed,ok,,cloudflare,yes,2026-09-09
lakecountyohio.gov,"Lake County, OH",open,allowed,200,bare,,ok or not needed,ok,,cloudflare,yes,2026-08-18
co.ottawa.oh.us,"Ottawa County, OH",open,allowed,200,bare,,ok or not needed,ok,,,,2026-08-18
cuyahogacounty.gov,"Cuyahoga County, OH",open,allowed,200,bare,,ok or not needed,ok,,Microsoft-IIS,,2026-08-18
ashtabulacounty.gov,"Ashtabula County, OH",open,allowed,200,www,,ok or not needed,ok,,CivicPlus,,2026-09-09
co.lucas.oh.us,"Lucas County, OH",open,allowed,200,bare,,ok or not needed,ok,,,,2026-08-18
oakgov.com,"Oakland County, MI",blocks basic request and headless browser,allowed,403,bare,denied-403,blocked (403),ok,Granicus govAccess (Akamai),AkamaiGHost,,2026-08-24
macombgov.org,"Macomb County, MI",open,allowed,200,bare,,ok or not needed,ok,,nginx,,2026-08-18
lapeercountymi.gov,"Lapeer County, MI",open,allowed,200,bare,,ok or not needed,ok,,cloudflare,yes,2026-08-18
geneseecountymi.gov,"Genesee County, MI",robots.txt exclusion,disallowed,200,bare,,ok or not needed,none,,cloudflare,yes,2026-07-19
milivcounty.gov,"Livingston County, MI",blocks basic request,allowed,403,bare,denied-403,ok or not needed,ok,Unknown platform on Google Cloud,nginx,,2026-08-18
washtenaw.org,"Washtenaw County, MI",open,allowed,200,bare,,ok or not needed,ok,,cloudflare,yes,2026-08-18
waynecountymi.gov,"Wayne County, MI",open,allowed,200,www,,ok or not needed,ok,,,,2026-08-24
boonecountyky.org,"Boone County, KY",open,allowed,200,bare,,ok or not needed,ok,,,,2026-08-19
kentoncountyky.gov,"Kenton County, KY",open,allowed,200,www,,ok or not needed,ok,,,,2026-09-09
campbellcountyky.gov,"Campbell County, KY",robots.txt exclusion,crawl-delay,200,bare,,ok or not needed,none,,nginx,,2026-07-19
belknapcounty.gov,"Belknap County, NH",open,allowed,200,bare,,ok or not needed,ok,,,,2026-08-18
orangecountyfl.net,"Orange County, FL",open,allowed,200,bare,,ok or not needed,ok,,Microsoft-IIS,,2026-08-26
seminolecountyfl.gov,"Seminole County, FL",robots.txt exclusion,disallowed,200,bare,,ok or not needed,ok,,Microsoft-IIS,,2026-08-18
osceola.org,"Osceola County, FL",open,allowed,200,www,,ok or not needed,ok,,,,2026-08-18
brevardfl.gov,"Brevard County, FL",blocks basic request,allowed,403,bare,cloudflare-challenge,ok or not needed,ok,Cloudflare (other sites),cloudflare,yes,2026-08-24
volusia.org,"Volusia County, FL",open,allowed,200,bare,,ok or not needed,ok,,Apache,,2026-09-13
lakecountyfl.gov,"Lake County, FL",open,allowed,200,bare,,ok or not needed,ok,,cloudflare,yes,2026-08-18
humboldtgov.org,"Humboldt County, CA",open,allowed,200,bare,,ok or not needed,ok,,,,2026-09-01
tularecounty.ca.gov,"Tulare County, CA",blocks basic request and headless browser,allowed,403,bare,cloudflare-challenge,blocked (403),ok,Cloudflare (other sites),cloudflare,yes,2026-08-24
saccounty.gov,"Sacramento County, CA",open,allowed,200,bare,,ok or not needed,ok,,Apache,,2026-08-18
marincounty.gov,"Marin County, CA",blocks basic request and headless browser,allowed,403,www,denied-403,blocked (403),ok,Cloudflare (other sites),cloudflare,yes,2026-08-31
contracosta.ca.gov,"Contra Costa County, CA",open,allowed,200,bare,,ok or not needed,ok,,cloudflare,yes,2026-08-19
napacounty.gov,"Napa County, CA",open,allowed,200,www,,ok or not needed,ok,,cloudflare,yes,2026-09-09
nevadacountyca.gov,"Nevada County, CA",open,allowed,200,bare,,ok or not needed,ok,,cloudflare,yes,2026-08-19
mariposacounty.gov,"Mariposa County, CA",open,allowed,200,www-http,,ok or not needed,ok,,Microsoft-IIS,,2026-09-09
ocgov.com,"Orange County, CA",open,allowed,200,bare,,ok or not needed,ok,,nginx,,2026-08-18
sjgov.org,"San Joaquin County, CA",open,allowed,200,bare,,ok or not needed,ok,,Microsoft-IIS,,2026-09-11
sonomacounty.gov,"Sonoma County, CA",open,allowed,200,bare,,ok or not needed,ok,,,,2026-09-07
lassencounty.gov,"Lassen County, CA",open,allowed,200,www,,ok or not needed,ok,,cloudflare,yes,2026-09-09
calaverasgov.us,"Calaveras County, CA",open,allowed,200,www,,ok or not needed,ok,,,,2026-09-03
tuolumnecounty.ca.gov,"Tuolumne County, CA",blocks basic request,allowed,403,bare,cloudflare-challenge,ok or not needed,none,Cloudflare (other sites),cloudflare,yes,2026-07-25
monocounty.ca.gov,"Mono County, CA",open,allowed,200,bare,,ok or not needed,ok,,cloudflare,yes,2026-09-13
sierracounty.ca.gov,"Sierra County, CA",open,allowed,200,bare,,ok or not needed,ok,,,,2026-08-18
yuba.gov,"Yuba County, CA",open,allowed,200,bare,,ok or not needed,ok,,cloudflare,yes,2026-08-18
countyofcolusaca.gov,"Colusa County, CA",open,allowed,200,bare,,ok or not needed,ok,,,,2026-08-19
plumascounty.us,"Plumas County, CA",open,allowed,200,bare,,ok or not needed,ok,,,,2026-08-18
suttercounty.org,"Sutter County, CA",blocks basic request and headless browser,allowed,403,bare,denied-403,blocked (403),ok,Granicus govAccess (Akamai),AkamaiGHost,,2026-08-24
lacounty.gov,"Los Angeles County, CA",open,allowed,200,bare,,ok or not needed,ok,,,,2026-09-01
countyofkingsca.gov,"Kings County, CA",blocks basic request and headless browser,allowed,403,bare,denied-403,blocked (403),ok,Granicus govAccess (Akamai),AkamaiGHost,,2026-08-24
eldoradocounty.ca.gov,"El Dorado County, CA",open,allowed,200,www,,ok or not needed,ok,,,,2026-08-18
sandiegocounty.gov,"San Diego County, CA",broken or unreachable,allowed,error,www,,ok or not needed,ok,,,,2026-08-26
siskiyoucounty.gov,"Siskiyou County, CA",open,allowed,200,www,,ok or not needed,ok,,,,2026-09-03
trinitycounty.org,"Trinity County, CA",open,allowed,200,bare,,ok or not needed,ok,,cloudflare,yes,2026-08-18
countyofmonterey.gov,"Monterey County, CA",blocks basic request and headless browser,allowed,403,bare,denied-403,blocked (403),ok,Granicus govAccess (Akamai),AkamaiGHost,,2026-08-24
tehama.gov,"Tehama County, CA",open,allowed,200,bare,,ok or not needed,ok,,cloudflare,yes,2026-08-19
maderacounty.com,"Madera County, CA",blocks basic request and headless browser,allowed,403,bare,denied-403,blocked (403),ok,Granicus govAccess (Akamai),AkamaiGHost,,2026-08-24
mendocinocounty.gov,"Mendocino County, CA",blocks basic request and headless browser,allowed,403,bare,denied-403,blocked (403),ok,Granicus govAccess (Akamai),AkamaiGHost,,2026-08-24
amadorgov.org,"Amador County, CA",blocks basic request,allowed,403,bare,denied-403,ok or not needed,none,Granicus govAccess (Akamai),AkamaiGHost,,2026-07-25
inyocounty.us,"Inyo County, CA",open,allowed,200,bare,,ok or not needed,ok,,nginx,,2026-08-18
fresnocountyca.gov,"Fresno County, CA",open,allowed,200,www,,ok or not needed,ok,,,,2026-08-18
countyofglenn.net,"Glenn County, CA",blocks basic request and headless browser,allowed,403,bare,cloudflare-challenge,blocked (403),ok,Cloudflare (other sites),cloudflare,yes,2026-08-24
kerncounty.com,"Kern County, CA",blocks everything,allowed,403,www,denied-403,not reached,403,Granicus govAccess (Akamai),AkamaiGHost,,2026-09-03
rivco.gov,"Riverside County, CA",open,allowed,200,bare,,ok or not needed,ok,,cloudflare,yes,2026-09-09
slocounty.ca.gov,"San Luis Obispo County, CA",open,allowed,200,bare,,ok or not needed,ok,,cloudflare,yes,2026-08-18
alpinecountyca.gov,"Alpine County, CA",open,allowed,200,bare,,ok or not needed,ok,,,,2026-09-03
acgov.org,"Alameda County, CA",open,allowed,200,bare-http,,ok or not needed,ok,,,,2026-08-18
sanbenitocountyca.gov,"San Benito County, CA",blocks basic request and headless browser,allowed,403,bare,denied-403,blocked (403),ok,Granicus govAccess (Akamai),AkamaiGHost,,2026-08-24
santaclaracounty.gov,"Santa Clara County, CA",blocks everything,allowed,403,bare,denied-403,not reached,403,Cloudflare (other sites),cloudflare,yes,2026-08-22
lakecountyca.gov,"Lake County, CA",open,allowed,200,bare,,ok or not needed,ok,,cloudflare,yes,2026-08-18
co.del-norte.ca.us,"Del Norte County, CA",open,allowed,200,www,,ok or not needed,ok,,nginx,,2026-09-01
countyofmerced.com,"Merced County, CA",open,allowed,200,bare,,ok or not needed,ok,,cloudflare,yes,2026-08-18
venturacounty.gov,"Ventura County, CA",open,allowed,200,bare,,ok or not needed,ok,,volt-adc,,2026-08-19
countyofmodoc.gov,"Modoc County, CA",open,allowed,200,www,,ok or not needed,ok,,cloudflare,yes,2026-09-09
yolocounty.gov,"Yolo County, CA",blocks basic request and headless browser,allowed,403,bare,denied-403,blocked (403),ok,Granicus govAccess (Akamai),AkamaiGHost,,2026-08-18
buttecounty.net,"Butte County, CA",open,allowed,200,www,,ok or not needed,ok,,cloudflare,yes,2026-09-01
main.sbcounty.gov,"San Bernardino County, CA",open,allowed,200,bare,,ok or not needed,ok,,Apache,,2026-09-03
countyofsb.org,"Santa Barbara County, CA",open,allowed,200,bare,,ok or not needed,ok,,cloudflare,yes,2026-08-18
placer.ca.gov,"Placer County, CA",open,allowed,200,bare,,ok or not needed,ok,,cloudflare,yes,2026-08-18
shastacounty.gov,"Shasta County, CA",blocks basic request and headless browser,allowed,403,bare,cloudflare-challenge,blocked (403),ok,Cloudflare (other sites),cloudflare,yes,2026-08-24
solanocounty.gov,"Solano County, CA",open,allowed,200,bare,,ok or not needed,ok,,,,2026-08-26
stancounty.com,"Stanislaus County, CA",open,allowed,200,bare,,ok or not needed,ok,,Microsoft-IIS,,2026-08-18
imperialcounty.org,"Imperial County, CA",open,allowed,200,bare,,ok or not needed,ok,,LiteSpeed,,2026-08-18
suffolkcountyny.gov,"Suffolk County, NY",open,allowed,200,bare,,ok or not needed,ok,,cloudflare,yes,2026-08-24
co.monroe.mi.us,"Monroe County, MI",open,allowed,200,bare,,ok or not needed,ok,,Microsoft-IIS,,2026-08-18
berriencounty.org,"Berrien County, MI",open,allowed,200,bare,,ok or not needed,ok,,cloudflare,yes,2026-08-18
effinghamcounty.org,"Effingham County, GA",open,allowed,200,bare,,ok or not needed,ok,,Microsoft-IIS,,2026-08-18
jacksoncounty.colorado.gov,"Jackson County, CO",blocks everything,allowed,403,bare,denied-403,not reached,403,Colorado state platform (CloudFront),CloudFront,,2026-09-11
co.routt.co.us,"Routt County, CO",open,allowed,200,bare,,ok or not needed,ok,,Microsoft-IIS,,2026-08-18
prowersco.gov,"Prowers County, CO",open,allowed,200,www,,ok or not needed,ok,,nginx,,2026-09-09
stantoncountyks.com,"Stanton County, KS",blocks basic request and headless browser,allowed,403,bare,cloudflare-challenge,blocked (403),ok,Cloudflare (other sites),cloudflare,yes,2026-08-24
bacacountyco.gov,"Baca County, CO",open,allowed,200,bare,,ok or not needed,ok,,nginx,,2026-09-13
bentcounty.net,"Bent County, CO",robots.txt exclusion,disallowed,200,bare,,ok or not needed,none,,,,2026-07-19
lasanimascounty.colorado.gov,"Las Animas County, CO",blocks basic request and headless browser,allowed,403,bare,denied-403,blocked (403),ok,Colorado state platform (CloudFront),CloudFront,,2026-08-24
lpcgov.org,"La Plata County, CO",open,allowed,200,bare,,ok or not needed,ok,,,,2026-08-18
montezumacounty.org,"Montezuma County, CO",blocks basic request,allowed,403,bare,cloudflare-challenge,error,ok,Cloudflare (other sites),cloudflare,yes,2026-08-24
sjcounty.net,"San Juan County, NM",blocks basic request and headless browser,allowed,403,bare,denied-403,blocked (403),ok,Granicus govAccess (Akamai),AkamaiGHost,,2026-08-24
dolocnty.colorado.gov,"Dolores County, CO",blocks basic request and headless browser,allowed,403,bare,denied-403,blocked (403),ok,Colorado state platform (CloudFront),CloudFront,,2026-08-24
sanjuancounty.colorado.gov,"San Juan County, CO",blocks basic request and headless browser,allowed,403,bare,denied-403,blocked (403),ok,Colorado state platform (CloudFront),CloudFront,,2026-08-24
sanjuancountyut.gov,"San Juan County, UT",open,allowed,200,bare,,ok or not needed,ok,,,,2026-08-19
centrecountypa.gov,"Centre County, PA",open,allowed,200,bare,,ok or not needed,ok,,Microsoft-IIS,,2026-08-18
clintoncountypa.gov,"Clinton County, PA",blocks basic request and headless browser,allowed,403,bare,denied-403,blocked (403),ok,Granicus govAccess (Akamai),AkamaiGHost,,2026-08-24
unioncountypa.org,"Union County, PA",open,allowed,200,bare,,ok or not needed,ok,,nginx,,2026-08-18
clearfieldcountypa.gov,"Clearfield County, PA",open,allowed,200,bare,,ok or not needed,ok,,,,2026-08-18
blaircountypa.gov,"Blair County, PA",open,allowed,200,www,,ok or not needed,ok,,Microsoft-IIS,,2026-09-09
huntingdoncountypa.gov,"Huntingdon County, PA",open,allowed,200,www,,ok or not needed,ok,,Microsoft-IIS,,2026-09-09
mifflincountypa.gov,"Mifflin County, PA",open,allowed,200,bare-http,,ok or not needed,failed,,Microsoft-IIS,,2026-09-09
cambriacountypa.gov,"Cambria County, PA",blocks basic request,allowed,403,bare,denied-403,ok or not needed,ok,Cloudflare (other sites),cloudflare,yes,2026-08-19
cameroncountypa.com,"Cameron County, PA",open,allowed,200,bare,,ok or not needed,ok,,,,2026-08-19
countyofelkpa.gov,"Elk County, PA",open,allowed,200,bare,,ok or not needed,ok,,nginx,,2026-08-19
snydercounty.org,"Snyder County, PA",open,allowed,200,bare,,ok or not needed,ok,,nginx,,2026-09-12
juniatacountypa.gov,"Juniata County, PA",open,allowed,200,www,,ok or not needed,ok,,cloudflare,yes,2026-09-09
tiogacountypa.us,"Tioga County, PA",open,allowed,200,bare,,ok or not needed,ok,,Microsoft-IIS,,2026-08-19
co.forest.pa.us,"Forest County, PA",open,allowed,200,www,,ok or not needed,ok,,,,2026-08-16
venangocountypa.gov,"Venango County, PA",open,allowed,200,bare,,ok or not needed,ok,,Microsoft-IIS,,2026-08-17
crawfordcountypa.net,"Crawford County, PA",open,allowed,200,bare,,ok or not needed,ok,,cloudflare,yes,2026-08-18
eriecountypa.gov,"Erie County, PA",open,allowed,200,bare,,ok or not needed,ok,,Microsoft-IIS,,2026-08-18
mercercountypa.gov,"Mercer County, PA",open,allowed,200,www,,ok or not needed,ok,,Microsoft-IIS,,2026-09-09
jeffersoncountypa.gov,"Jefferson County, PA",open,allowed,200,bare,,ok or not needed,ok,,Apache,,2026-08-18
co.clarion.pa.us,"Clarion County, PA",open,allowed,200,bare,,ok or not needed,ok,,,,2026-08-19
indianacountypa.gov,"Indiana County, PA",open,allowed,200,bare,,ok or not needed,ok,,cloudflare,yes,2026-08-18
lawrencecountypa.gov,"Lawrence County, PA",open,allowed,200,bare,,ok or not needed,ok,,Microsoft-IIS,,2026-08-18
screvencountyboc.com,"Screven County, GA",open,allowed,200,bare,,ok or not needed,ok,,Squarespace,,2026-08-18
gunnisoncounty.org,"Gunnison County, CO",open,allowed,200,bare,,ok or not needed,ok,,,,2026-08-19
chaffeecounty.org,"Chaffee County, CO",blocks basic request and headless browser,allowed,403,bare,cloudflare-challenge,blocked (403),ok,Cloudflare (other sites),cloudflare,yes,2026-08-18
pitkincounty.com,"Pitkin County, CO",open,allowed,200,bare,,ok or not needed,ok,,,,2026-08-18
burkecounty-ga.gov,"Burke County, GA",open,allowed,200,bare,,ok or not needed,ok,,,,2026-08-18
washcopa.gov,"Washington County, PA",open,allowed,200,www,,ok or not needed,ok,,Vercel,,2026-09-09
westmorelandcountypa.gov,"Westmoreland County, PA",open,allowed,200,bare,,ok or not needed,ok,,cloudflare,yes,2026-08-18
fayettecountypa.org,"Fayette County, PA",open,allowed,200,bare,,ok or not needed,ok,,,,2026-08-18
greenecountypa.gov,"Greene County, PA",open,allowed,200,bare,,ok or not needed,ok,,Microsoft-IIS,,2026-08-19
co.somerset.pa.us,"Somerset County, PA",robots.txt exclusion,disallowed,200,www,,error,ok,,Microsoft-IIS,,2026-09-09
bedfordcountypa.org,"Bedford County, PA",open,allowed,200,bare,,ok or not needed,ok,,,,2026-08-18
co.fulton.pa.us,"Fulton County, PA",open,allowed,200,bare,,ok or not needed,ok,,nginx,,2026-08-19
charltoncountyga.us,"Charlton County, GA",open,allowed,200,bare,,ok or not needed,ok,,Microsoft-IIS,,2026-08-18
chathamcountyga.gov,"Chatham County, GA",open,allowed,200,bare,,ok or not needed,ok,,,,2026-08-18
camdencountyga.gov,"Camden County, GA",open,allowed,200,bare,,ok or not needed,ok,,Microsoft-IIS,,2026-08-19
franklincountypa.gov,"Franklin County, PA",open,allowed,200,bare,,ok or not needed,ok,,,,2026-08-19
perryco.org,"Perry County, PA",open,allowed,200,bare,,ok or not needed,ok,,cloudflare,yes,2026-08-18
adamscountypa.gov,"Adams County, PA",open,allowed,200,bare,,ok or not needed,ok,,Microsoft-IIS,,2026-08-18
yorkcountypa.gov,"York County, PA",open,allowed,200,bare,,ok or not needed,ok,,Microsoft-IIS,,2026-08-19
northumberlandcountypa.gov,"Northumberland County, PA",open,allowed,200,bare,,ok or not needed,ok,,nginx,,2026-08-18
montourcounty.gov,"Montour County, PA",open,allowed,200,bare,,ok or not needed,ok,,Microsoft-IIS,,2026-08-19
kiowacounty.colorado.gov,"Kiowa County, CO",blocks basic request and headless browser,allowed,403,bare,denied-403,blocked (403),ok,Colorado state platform (CloudFront),CloudFront,,2026-08-24
dauphincounty.gov,"Dauphin County, PA",open,allowed,200,www,,ok or not needed,ok,,Microsoft-IIS,,2026-08-18
lebanoncountypa.gov,"Lebanon County, PA",open,allowed,200,bare,,ok or not needed,ok,,Microsoft-IIS,,2026-08-18
co.lancaster.pa.us,"Lancaster County, PA",open,allowed,200,bare,,ok or not needed,ok,,,,2026-08-19
columbiapa.org,"Columbia County, PA",open,allowed,200,bare-http,,ok or not needed,ok,,Apache,,2026-09-09
schuylkillcountypa.gov,"Schuylkill County, PA",robots.txt exclusion,disallowed,200,bare,,ok or not needed,none,,,,2026-07-19
luzernecounty.org,"Luzerne County, PA",robots.txt exclusion,disallowed,504,bare,,ok or not needed,none,,openresty,,2026-07-19
wyomingcountypa.gov,"Wyoming County, PA",open,allowed,200,bare,,ok or not needed,ok,,Apache,,2026-08-18
susqco.com,"Susquehanna County, PA",open,allowed,200,bare,,ok or not needed,ok,,Microsoft-IIS,,2026-08-18
lackawannacounty.org,"Lackawanna County, PA",open,allowed,200,bare,,ok or not needed,ok,,cloudflare,yes,2026-08-18
waynecountypa.gov,"Wayne County, PA",open,allowed,200,bare,,ok or not needed,failed,,,,2026-09-12
pikepa.org,"Pike County, PA",open,allowed,200,bare,,ok or not needed,ok,,,,2026-08-18
monroecountypa.gov,"Monroe County, PA",open,allowed,200,bare,,ok or not needed,ok,,Microsoft-IIS,,2026-08-18
norcopa.gov,"Northampton County, PA",open,allowed,200,bare,,ok or not needed,ok,,Apache,,2026-09-09
chesco.org,"Chester County, PA",open,allowed,200,bare,,ok or not needed,ok,,cloudflare,yes,2026-08-17
berkspa.gov,"Berks County, PA",open,allowed,200,bare,,ok or not needed,ok,,Microsoft-IIS,,2026-08-18
lehighcounty.org,"Lehigh County, PA",broken or unreachable,allowed,error,bare,,ok or not needed,ok,,,,2026-08-18
buckscounty.gov,"Bucks County, PA",open,allowed,200,bare,,ok or not needed,ok,,cloudflare,yes,2026-08-18
montgomerycountypa.gov,"Montgomery County, PA",open,allowed,200,bare,,ok or not needed,ok,,,,2026-09-11
phila.gov,"Philadelphia County, PA",open,allowed,200,bare,,ok or not needed,ok,,AmazonS3,,2026-08-18
delcopa.gov,"Delaware County, PA",open,allowed,200,bare,,ok or not needed,ok,,nginx,,2026-08-18
beaverheadcountymt.gov,"Beaverhead County, MT",open,allowed,200,bare,,ok or not needed,ok,,Apache,,2026-08-18
augustaga.gov,"Richmond County, GA",open,allowed,200,www,,ok or not needed,ok,,cloudflare,yes,2026-08-26
warecountyga.gov,"Ware County, GA",open,allowed,200,bare,,ok or not needed,ok,,cloudflare,yes,2026-09-13
costillacounty.gov,"Costilla County, CO",blocks basic request and headless browser,allowed,403,bare,cloudflare-challenge,blocked (403),ok,Cloudflare (other sites),cloudflare,yes,2026-08-24
co.colfax.nm.us,"Colfax County, NM",open,allowed,200,bare,,ok or not needed,ok,,,,2026-08-18
taoscounty.org,"Taos County, NM",open,allowed,200,bare,,ok or not needed,ok,,,,2026-08-18
parkcountyco.gov,"Park County, CO",open,allowed,200,bare,,ok or not needed,ok,,,,2026-08-18
summitcountyco.gov,"Summit County, CO",open,allowed,200,bare,,ok or not needed,ok,,cloudflare,yes,2026-08-19
clearcreekcounty.us,"Clear Creek County, CO",open,allowed,200,bare,,ok or not needed,ok,,cloudflare,yes,2026-08-19
hinsdalecounty.colorado.gov,"Hinsdale County, CO",blocks basic request and headless browser,allowed,403,bare,denied-403,blocked (403),ok,Colorado state platform (CloudFront),CloudFront,,2026-08-24
mineralcountycolorado.com,"Mineral County, CO",blocks basic request and headless browser,allowed,403,bare,cloudflare-challenge,blocked (403),ok,Cloudflare (other sites),cloudflare,yes,2026-08-24
waynecountyutah.gov,"Wayne County, UT",open,allowed,200,bare,,ok or not needed,ok,,cloudflare,yes,2026-09-09
grandcountyutah.net,"Grand County, UT",open,allowed,200,bare,,ok or not needed,ok,,,,2026-08-18
columbiacountyga.gov,"Columbia County, GA",open,allowed,200,bare,,ok or not needed,ok,,,,2026-08-18
lincolncountyga.com,"Lincoln County, GA",robots.txt exclusion,disallowed,200,bare,,ok or not needed,none,,cloudflare,yes,2026-07-19
elbertga.us,"Elbert County, GA",open,allowed,200,bare,,ok or not needed,ok,,Apache,,2026-08-18
hartcountyga.gov,"Hart County, GA",blocks basic request and headless browser,allowed,403,bare,denied-403,blocked (403),ok,Other,,,2026-08-24
co.cheshire.nh.us,"Cheshire County, NH",open,allowed,200,bare,,ok or not needed,ok,,nginx,,2026-09-11
franklincountyga.gov,"Franklin County, GA",open,allowed,200,www,,ok or not needed,ok,,cloudflare,yes,2026-09-09
stephenscountyga.gov,"Stephens County, GA",blocks basic request,allowed,403,bare,denied-403,ok or not needed,ok,Unknown platform on Google Cloud,nginx,,2026-08-18
habershamga.com,"Habersham County, GA",open,allowed,200,www,,ok or not needed,ok,,,,2026-09-01
rabuncounty.ga.gov,"Rabun County, GA",blocks basic request and headless browser,allowed,403,bare,cloudflare-challenge,blocked (403),ok,Cloudflare (other sites),cloudflare,yes,2026-08-24
townscountyga.org,"Towns County, GA",open,allowed,200,bare-http,,ok or not needed,ok,,DPS,,2026-09-09
unioncountyga.gov,"Union County, GA",open,allowed,200,bare,,ok or not needed,ok,,cloudflare,yes,2026-08-18
fannincountyga.com,"Fannin County, GA",open,allowed,200,bare,,ok or not needed,ok,,cloudflare,yes,2026-08-18
dadecounty-ga.gov,"Dade County, GA",open,allowed,200,bare,,ok or not needed,ok,,,,2026-08-18
murraycountyga.org,"Murray County, GA",open,allowed,200,bare,,ok or not needed,ok,,,,2026-08-19
whitfieldcountyga.com,"Whitfield County, GA",open,allowed,200,bare,,ok or not needed,ok,,,,2026-09-11
florencecountywi.com,"Florence County, WI",open,allowed,200,bare,,ok or not needed,ok,,,,2026-08-18
leecountyil.com,"Lee County, IL",open,allowed,200,bare,,ok or not needed,ok,,Microsoft-IIS,,2026-08-19
rockislandcountyil.gov,"Rock Island County, IL",open,allowed,200,bare,,ok or not needed,ok,,,,2026-09-13
oglecountyil.gov,"Ogle County, IL",open,allowed,200,bare,,ok or not needed,ok,,,,2026-08-18
lakecountyil.gov,"Lake County, IL",blocks basic request,allowed,403,bare,cloudflare-challenge,ok or not needed,ok,Cloudflare (other sites),cloudflare,yes,2026-08-18
catoosa.com,"Catoosa County, GA",blocks basic request and headless browser,allowed,403,bare,denied-403,blocked (403),ok,Granicus govAccess (Akamai),AkamaiGHost,,2026-08-24
walkercountyga.gov,"Walker County, GA",open,allowed,200,bare,,ok or not needed,ok,,nginx,,2026-08-19
co.mineral.mt.us,"Mineral County, MT",open,allowed,200,bare,,ok or not needed,ok,,Flywheel,,2026-09-11
pendletoncounty.ky.gov,"Pendleton County, KY",open,allowed,200,bare,,ok or not needed,ok,,,,2026-08-18
brackencounty.ky.gov,"Bracken County, KY",open,allowed,200,bare,,ok or not needed,ok,,,,2026-08-18
baycountymi.gov,"Bay County, MI",open,allowed,200,bare,,ok or not needed,ok,,cloudflare,yes,2026-08-18
tuscolacounty.org,"Tuscola County, MI",open,allowed,200,bare,,ok or not needed,ok,,Sucuri,,2026-08-18
arenaccountymi.gov,"Arenac County, MI",open,allowed,200,bare,,ok or not needed,ok,,,,2026-08-18
co.huron.mi.us,"Huron County, MI",open,allowed,200,bare,,ok or not needed,ok,,Pepyaka,,2026-08-18
stclaircounty.org,"Saint Clair County, MI",open,allowed,200,bare,,ok or not needed,ok,,Microsoft-IIS,,2026-09-13
gladwincounty-mi.gov,"Gladwin County, MI",blocks basic request,allowed,403,bare,denied-403,ok or not needed,ok,Unknown platform on Google Cloud,nginx,,2026-08-24
sanilaccounty.gov,"Sanilac County, MI",open,allowed,200,bare,,ok or not needed,ok,,cloudflare,yes,2026-08-19
shiawassee.net,"Shiawassee County, MI",open,allowed,200,bare,,ok or not needed,ok,,nginx,,2026-09-11
saginawcountymi.gov,"Saginaw County, MI",open,allowed,200,www,,ok or not needed,ok,,cloudflare,yes,2026-09-09
stantoncounty.nebraska.gov,"Stanton County, NE",open,allowed,200,bare,,ok or not needed,ok,,nginx,,2026-08-19
madisoncountyne.gov,"Madison County, NE",open,allowed,200,bare,,ok or not needed,ok,,nginx,,2026-08-18
piercecountyne.gov,"Pierce County, NE",open,allowed,200,bare,,ok or not needed,ok,,nginx,,2026-08-18
waynecountyne.gov,"Wayne County, NE",open,allowed,200,bare,,ok or not needed,ok,,,,2026-08-19
iosco.net,"Iosco County, MI",blocks basic request,allowed,403,bare,denied-403,ok or not needed,ok,Unknown platform on Google Cloud,nginx,,2026-08-19
ingham.org,"Ingham County, MI",robots.txt exclusion,disallowed,200,bare,,ok or not needed,none,,cloudflare,yes,2026-07-19
mijackson.org,"Jackson County, MI",open,allowed,200,bare,,ok or not needed,ok,,,,2026-09-09
ashlandcountyoh.us,"Ashland County, OH",open,allowed,200,bare,,ok or not needed,ok,,nginx,,2026-08-18
harrisoncountyohio.gov,"Harrison County, OH",open,allowed,200,bare,,ok or not needed,ok,,nginx,,2026-08-18
carrollcountyohio.us,"Carroll County, OH",open,allowed,200,bare,,ok or not needed,ok,,cloudflare,yes,2026-08-19
co.holmes.oh.us,"Holmes County, OH",open,allowed,200,bare,,ok or not needed,ok,,Apache,,2026-08-19
auglaizecounty.org,"Auglaize County, OH",broken or unreachable,allowed,error,bare,,ok or not needed,failed,,,,2026-08-19
co.hancock.oh.us,"Hancock County, OH",open,allowed,200,bare,,ok or not needed,ok,,,,2026-08-19
columbianacounty.org,"Columbiana County, OH",open,allowed,200,bare,,ok or not needed,ok,,Apache,,2026-08-18
huroncounty-oh.gov,"Huron County, OH",open,allowed,200,bare,,ok or not needed,ok,,,,2026-08-18
adamscountyoh.gov,"Adams County, OH",open,allowed,200,bare,,ok or not needed,ok,,Apache,,2026-08-18
geauga.oh.gov,"Geauga County, OH",open,allowed,200,bare,,ok or not needed,ok,,cloudflare,yes,2026-09-12
henrycountyohio.gov,"Henry County, OH",open,allowed,200,www,,ok or not needed,ok,,,,2026-09-09
mydarkecounty.com,"Darke County, OH",open,allowed,200,bare,,ok or not needed,ok,,Pepyaka,,2026-08-18
prebco.org,"Preble County, OH",open,allowed,200,bare,,ok or not needed,ok,,,,2026-08-18
allencountyohio.com,"Allen County, OH",open,allowed,200,bare,,ok or not needed,ok,,cloudflare,yes,2026-08-18
jeffersoncountyoh.com,"Jefferson County, OH",open,allowed,200,bare,,ok or not needed,ok,,nginx,,2026-08-18
crawford-co.org,"Crawford County, OH",open,allowed,200,bare,,ok or not needed,ok,,cloudflare,yes,2026-08-19
fultoncountyoh.com,"Fulton County, OH",open,allowed,200,bare,,ok or not needed,ok,,,,2026-08-18
belmontcountycommissioners.com,"Belmont County, OH",open,allowed,200,bare,,ok or not needed,ok,,nginx,,2026-09-12
defiance-county.com,"Defiance County, OH",open,allowed,200,bare,,ok or not needed,ok,,nginx,,2026-08-18
jacksoncountyohio.us,"Jackson County, OH",open,allowed,200,bare,,ok or not needed,ok,,cloudflare,yes,2026-08-18
hardincountyohio.gov,"Hardin County, OH",open,allowed,200,bare,,ok or not needed,ok,,nginx,,2026-09-09
galliacountyoh.gov,"Gallia County, OH",open,allowed,200,bare,,ok or not needed,ok,,cloudflare,yes,2026-09-09
co.athensoh.org,"Athens County, OH",open,allowed,200,bare,,ok or not needed,ok,,,,2026-08-19
guernseycounty.org,"Guernsey County, OH",blocks basic request,allowed,403,bare,denied-403,ok or not needed,ok,Unknown platform on Google Cloud,nginx,,2026-08-18
lawrencecounty.org,"Lawrence County, OH",open,allowed,200,bare,,ok or not needed,ok,,nginx,,2026-08-19
williamscountyoh.gov,"Williams County, OH",open,allowed,200,www,,ok or not needed,ok,,Microsoft-IIS,,2026-09-11
portagecounty-oh.gov,"Portage County, OH",blocks basic request,allowed,403,www,cloudflare-challenge,error,ok,CivicPlus (Cloudflare),cloudflare,yes,2026-08-18
washingtongov.org,"Washington County, OH",open,allowed,200,bare,,ok or not needed,ok,,Microsoft-IIS,,2026-08-18
mercercountyoh.gov,"Mercer County, OH",open,allowed,200,www,,ok or not needed,ok,,cloudflare,yes,2026-09-11
sciotocountyoh.com,"Scioto County, OH",open,allowed,200,bare,,ok or not needed,ok,,Pepyaka,,2026-08-18
co.shelby.oh.us,"Shelby County, OH",open,allowed,200,bare,,ok or not needed,ok,,,,2026-08-18
monroecountyohio.net,"Monroe County, OH",open,allowed,200,bare,,ok or not needed,ok,,,,2026-08-19
medinaco.org,"Medina County, OH",blocks basic request,allowed,403,bare,denied-403,ok or not needed,ok,Unknown platform on Google Cloud,nginx,,2026-08-19
vanwertcountyohio.gov,"Van Wert County, OH",open,allowed,200,www,,ok or not needed,ok,,,,2026-09-09
co.wyandot.oh.us,"Wyandot County, OH",open,allowed,200,bare,,ok or not needed,ok,,,,2026-08-18
senecacountyohio.gov,"Seneca County, OH",broken or unreachable,allowed,500,bare,,ok or not needed,ok,,cloudflare,yes,2026-08-18
starkcountyohio.gov,"Stark County, OH",robots.txt exclusion,disallowed,200,bare,,ok or not needed,none,,cloudflare,yes,2026-07-18
co.trumbull.oh.us,"Trumbull County, OH",open,allowed,200,www,,ok or not needed,ok,,,,2026-09-09
noblecountyohio.gov,"Noble County, OH",open,allowed,200,bare,,ok or not needed,ok,,Sucuri,,2026-08-18
putnamcountyohio.gov,"Putnam County, OH",open,allowed,200,bare,,ok or not needed,ok,,cloudflare,yes,2026-08-19
morgancounty-oh.gov,"Morgan County, OH",open,allowed,200,bare,,ok or not needed,ok,,nginx,,2026-08-18
sanduskycountyoh.gov,"Sandusky County, OH",open,allowed,200,bare,,ok or not needed,ok,,cloudflare,yes,2026-09-13
wayneohio.org,"Wayne County, OH",open,allowed,200,bare,,ok or not needed,ok,,Apache,,2026-08-18
co.tuscarawas.oh.us,"Tuscarawas County, OH",open,allowed,200,bare,,ok or not needed,ok,,,,2026-08-19
miamicountyohio.gov,"Miami County, OH",open,allowed,200,bare,,ok or not needed,ok,,Microsoft-IIS,,2026-08-18
pikecountyohcommissioners.gov,"Pike County, OH",open,allowed,200,bare,,ok or not needed,ok,,Apache,,2026-08-18
vintoncounty.com,"Vinton County, OH",open,allowed,200,bare,,ok or not needed,ok,,nginx,,2026-08-18
richlandcountyoh.gov,"Richland County, OH",open,allowed,200,bare,,ok or not needed,ok,,nginx,,2026-08-18
co.summitoh.net,"Summit County, OH",open,allowed,200,bare,,ok or not needed,ok,,Apache,,2026-08-18
meigsohio.com,"Meigs County, OH",open,allowed,200,bare,,ok or not needed,ok,,nginx,,2026-08-18
mahoningcountyoh.gov,"Mahoning County, OH",open,allowed,200,www,,ok or not needed,ok,,cloudflare,yes,2026-09-09
co.wood.oh.us,"Wood County, OH",open,allowed,200,www,,ok or not needed,ok,,Microsoft-IIS,,2026-08-18
pauldingcountyoh.com,"Paulding County, OH",open,allowed,200,bare,,ok or not needed,ok,,Apache,,2026-08-18
keweenawcountyonline.org,"Keweenaw County, MI",open,allowed,200,bare,,ok or not needed,ok,,nginx,,2026-08-16
worcestermd.gov,"Worcester County, MD",open,allowed,200,bare,,ok or not needed,ok,,Apache,,2026-09-09
wicomicocounty.org,"Wicomico County, MD",open,allowed,200,www,,ok or not needed,ok,,Microsoft-IIS,,2026-09-09
somersetmd.us,"Somerset County, MD",robots.txt exclusion,disallowed,200,bare,,ok or not needed,none,,,,2026-07-19
dorchestermd.gov,"Dorchester County, MD",open,allowed,200,bare,,ok or not needed,ok,,cloudflare,yes,2026-09-09
carolinemd.org,"Caroline County, MD",open,allowed,200,bare,,ok or not needed,ok,,,,2026-08-18
talbotcountymd.gov,"Talbot County, MD",open,allowed,200,bare,,ok or not needed,ok,,Apache,,2026-08-18
qac.org,"Queen Anne's County, MD",open,allowed,200,bare,,ok or not needed,ok,,,,2026-08-18
kentcounty.com,"Kent County, MD",open,allowed,200,bare,,ok or not needed,ok,,,,2026-08-19
cecilcountymd.gov,"Cecil County, MD",open,allowed,200,www,,ok or not needed,ok,,cloudflare,yes,2026-09-09
harfordcountymd.gov,"Harford County, MD",open,allowed,200,bare,,ok or not needed,ok,,,,2026-08-19
carrollcountymd.gov,"Carroll County, MD",open,allowed,200,bare,,ok or not needed,ok,,Microsoft-IIS,,2026-08-18
howardcountymd.gov,"Howard County, MD",open,allowed,200,bare,,ok or not needed,ok,,Sucuri,,2026-08-18
aacounty.org,"Anne Arundel County, MD",open,allowed,200,bare,,ok or not needed,ok,,nginx,,2026-08-18
baltimorecountymd.gov,"Baltimore County, MD",blocks basic request and headless browser,allowed,403,bare,denied-403,blocked (403),ok,AWS CloudFront (other sites),CloudFront,,2026-08-24
calvertcountymd.gov,"Calvert County, MD",open,allowed,200,bare,,ok or not needed,ok,,,,2026-08-25
stmaryscountymd.gov,"Saint Mary's County, MD",open,allowed,200,www,,ok or not needed,ok,,Microsoft-IIS,,2026-09-09
charlescountymd.gov,"Charles County, MD",blocks basic request and headless browser,allowed,403,bare,denied-403,blocked (403),ok,Granicus govAccess (Akamai),AkamaiGHost,,2026-08-24
princegeorgescountymd.gov,"Prince George's County, MD",blocks basic request,allowed,403,bare,denied-403,error,ok,Other,,,2026-08-19
montgomerycountymd.gov,"Montgomery County, MD",open,allowed,200,bare,,ok or not needed,ok,,,,2026-08-19
frederickcountymd.gov,"Frederick County, MD",open,allowed,200,bare,,ok or not needed,ok,,,,2026-09-11
washco-md.net,"Washington County, MD",open,allowed,200,bare,,ok or not needed,ok,,cloudflare,yes,2026-08-18
gov.allconet.org,"Allegany County, MD",open,allowed,200,bare,,ok or not needed,ok,,,,2026-08-18
garrettcountymd.gov,"Garrett County, MD",open,allowed,200,bare,,ok or not needed,ok,,,,2026-08-18
loudoun.gov,"Loudoun County, VA",open,allowed,200,bare,,ok or not needed,ok,,cloudflare,yes,2026-08-19
fairfaxcounty.gov,"Fairfax County, VA",open,allowed,200,bare,,ok or not needed,ok,,volt-adc,,2026-08-18
essexcountynj.org,"Essex County, NJ",open,allowed,200,bare,,ok or not needed,ok,,Sucuri,,2026-08-18
ucnj.org,"Union County, NJ",open,allowed,200,bare,,ok or not needed,ok,,nginx,,2026-08-19
hcnj.us,"Hudson County, NJ",blocks basic request and headless browser,allowed,403,bare,denied-403,blocked (403),ok,Other,Sucuri,,2026-08-24
bergencountynj.gov,"Bergen County, NJ",open,allowed,200,bare,,ok or not needed,ok,,nginx,,2026-08-18
middlesexcountynj.gov,"Middlesex County, NJ",blocks basic request and headless browser,allowed,403,bare,denied-403,blocked (403),ok,Granicus govAccess (Akamai),AkamaiGHost,,2026-08-24
visitmonmouth.com,"Monmouth County, NJ",open,allowed,200,bare,,ok or not needed,ok,,Microsoft-IIS,,2026-08-18
mercercounty.org,"Mercer County, NJ",blocks basic request and headless browser,allowed,403,bare,denied-403,blocked (403),ok,Granicus govAccess (Akamai),AkamaiGHost,,2026-08-24
arlingtonva.us,"Arlington County, VA",open,allowed,200,www,,ok or not needed,ok,,,,2026-08-18
co.ocean.nj.us,"Ocean County, NJ",open,allowed,200,bare,,ok or not needed,none,,Microsoft-IIS,,2026-09-10
harveycounty.gov,"Harvey County, KS",open,allowed,200,bare,,ok or not needed,ok,,cloudflare,yes,2026-08-18
mcphersoncountyks.us,"McPherson County, KS",open,allowed,200,bare,,ok or not needed,ok,,Microsoft-IIS,,2026-08-18
camdencounty.com,"Camden County, NJ",open,allowed,200,bare,,ok or not needed,ok,,Apache,,2026-08-18
burlingtoncountynj.gov,"Burlington County, NJ",open,allowed,200,www,,ok or not needed,ok,,,,2026-09-09
somersetcountynj.gov,"Somerset County, NJ",blocks basic request and headless browser,allowed,403,bare,denied-403,blocked (403),ok,Granicus govAccess (Akamai),AkamaiGHost,,2026-08-24
willcounty.gov,"Will County, IL",open,allowed,200,bare,,ok or not needed,ok,,,,2026-08-18
k3county.net,"Kankakee County, IL",open,allowed,200,bare,,ok or not needed,ok,,,,2026-08-18
lakecountyin.gov,"Lake County, IN",open,allowed,200,bare,,ok or not needed,ok,,,,2026-09-09
newtoncounty.in.gov,"Newton County, IN",robots.txt exclusion,crawl-delay,200,bare,,ok or not needed,none,,nginx,,2026-07-19
co.hunterdon.nj.us,"Hunterdon County, NJ",open,allowed,200,bare,,ok or not needed,ok,,Microsoft-IIS,,2026-08-18
dekalbcountyga.gov,"DeKalb County, GA",open,allowed,200,www,,ok or not needed,ok,,nginx,,2026-08-25
gwinnettcounty.com,"Gwinnett County, GA",open,allowed,200,www,,ok or not needed,ok,,Apache,,2026-08-27
applingcountyga.org,"Appling County, GA",open,allowed,200,bare,,ok or not needed,ok,,nginx,,2026-08-19
atkinsoncounty.org,"Atkinson County, GA",blocks basic request,allowed,403,bare,denied-403,ok or not needed,ok,Unknown platform on Google Cloud,nginx,,2026-08-18
baconcounty.org,"Bacon County, GA",open,allowed,200,bare,,ok or not needed,ok,,Apache,,2026-08-18
sedgwickcounty.org,"Sedgwick County, KS",open,allowed,200,bare,,ok or not needed,ok,,,,2026-08-18
fultoncountyga.gov,"Fulton County, GA",open,allowed,200,bare,,ok or not needed,ok,,Microsoft-IIS,,2026-08-27
claytoncountyga.gov,"Clayton County, GA",open,allowed,307,bare,,ok or not needed,ok,,Sucuri,,2026-08-24
cobbcounty.gov,"Cobb County, GA",open,allowed,200,bare,,ok or not needed,ok,,,,2026-08-18
henrycountyga.gov,"Henry County, GA",open,allowed,200,bare,,ok or not needed,ok,,cloudflare,yes,2026-08-18
rockdalecountyga.gov,"Rockdale County, GA",open,allowed,200,bare,,ok or not needed,ok,,cloudflare,yes,2026-08-18
newtoncountyga.gov,"Newton County, GA",open,allowed,200,bare,,ok or not needed,ok,,cloudflare,yes,2026-09-13
waltoncountyga.gov,"Walton County, GA",open,allowed,200,bare,,ok or not needed,ok,,Microsoft-IIS,,2026-08-18
morgancountyga.gov,"Morgan County, GA",open,allowed,200,bare,,ok or not needed,ok,,Microsoft-IIS,,2026-08-18
bankscountyga.org,"Banks County, GA",open,allowed,200,bare,,ok or not needed,ok,,Microsoft-IIS,,2026-09-13
barrowga.org,"Barrow County, GA",open,allowed,200,bare,,ok or not needed,ok,,,,2026-08-18
bakercountyga.com,"Baker County, GA",open,allowed,200,bare,,ok or not needed,ok,,Pepyaka,,2026-08-18
bartowcountyga.gov,"Bartow County, GA",open,allowed,200,bare,,ok or not needed,ok,,,,2026-08-17
baldwincountyga.com,"Baldwin County, GA",open,allowed,200,bare,,ok or not needed,ok,,,,2026-08-19
jacksoncountygov.com,"Jackson County, GA",open,allowed,200,bare,,ok or not needed,ok,,Microsoft-IIS,,2026-08-18
oconeecountyga.gov,"Oconee County, GA",open,allowed,200,bare,,ok or not needed,ok,,,,2026-09-13
accgov.com,"Clarke County, GA",open,allowed,200,bare,,ok or not needed,ok,,,,2026-08-19
pickenscountyga.gov,"Pickens County, GA",open,allowed,200,www,,ok or not needed,ok,,cloudflare,yes,2026-09-09
cherokeecountyga.gov,"Cherokee County, GA",open,allowed,200,bare,,ok or not needed,ok,,cloudflare,yes,2026-08-18
gordoncountyga.gov,"Gordon County, GA",open,allowed,200,bare,,ok or not needed,ok,,cloudflare,yes,2026-08-18
forsythco.com,"Forsyth County, GA",blocks basic request and headless browser,allowed,403,bare,denied-403,blocked (403),ok,Other,Apache,,2026-08-24
benhillcounty-ga.gov,"Ben Hill County, GA",open,allowed,200,bare,,ok or not needed,ok,,nginx,,2026-08-18
dawsoncountyga.gov,"Dawson County, GA",open,allowed,200,bare,,ok or not needed,ok,,cloudflare,yes,2026-08-18
hallcounty.org,"Hall County, GA",open,allowed,200,bare,,ok or not needed,ok,,cloudflare,yes,2026-08-18
twiggscounty.us,"Twiggs County, GA",open,allowed,200,bare,,ok or not needed,ok,,nginx,,2026-08-18
wilkinsoncounty.net,"Wilkinson County, GA",open,allowed,200,bare,,ok or not needed,ok,,Apache,,2026-08-18
bleckley.org,"Bleckley County, GA",open,allowed,200,bare,,ok or not needed,ok,,Apache,,2026-08-19
brookscountyga.gov,"Brooks County, GA",open,allowed,200,bare,,ok or not needed,failed,,Apache,,2026-09-11
berriencountygeorgia.com,"Berrien County, GA",open,allowed,200,bare,,ok or not needed,ok,,cloudflare,yes,2026-08-18
thomascountyboc.org,"Thomas County, GA",open,allowed,200,bare,,ok or not needed,failed,,Apache,,2026-09-11
laurenscoga.org,"Laurens County, GA",open,allowed,200,bare,,ok or not needed,ok,,,,2026-08-18
colquittcountyga.gov,"Colquitt County, GA",open,allowed,200,bare,,ok or not needed,ok,,,,2026-08-16
crawfordcountyga.org,"Crawford County, GA",open,allowed,200,bare,,ok or not needed,ok,,Apache,,2026-08-19
monroecoga.org,"Monroe County, GA",open,allowed,200,bare,,ok or not needed,ok,,nginx,,2026-08-18
laniercountyboc.com,"Lanier County, GA",open,allowed,200,bare,,ok or not needed,ok,,Apache,,2026-09-11
maconbibb.us,"Bibb County, GA",open,allowed,200,bare,,ok or not needed,ok,,Apache,,2026-08-18
dougherty.ga.us,"Dougherty County, GA",open,allowed,200,www,,ok or not needed,ok,,,,2026-08-18
glynncounty.org,"Glynn County, GA",open,allowed,200,bare,,ok or not needed,ok,,,,2026-08-18
jaspercountyga.org,"Jasper County, GA",open,allowed,200,bare,,ok or not needed,ok,,nginx,,2026-08-18
calhouncountyga.com,"Calhoun County, GA",open,allowed,200,bare,,ok or not needed,ok,,,,2026-08-19
bryancountyga.gov,"Bryan County, GA",blocks basic request and headless browser,allowed,403,bare,denied-403,blocked (403),ok,Granicus govAccess (Akamai),AkamaiGHost,,2026-08-24
spaldingcounty.com,"Spalding County, GA",open,allowed,200,bare,,ok or not needed,ok,,cloudflare,yes,2026-08-19
earlycountyga.org,"Early County, GA",open,allowed,200,bare,,ok or not needed,ok,,cloudflare,yes,2026-08-18
waynecountyga.us,"Wayne County, GA",robots.txt exclusion,crawl-delay,200,bare,,ok or not needed,none,,nginx,,2026-07-19
lamarcountyga.com,"Lamar County, GA",open,allowed,200,bare,,ok or not needed,ok,,openresty,,2026-08-19
claycountyga.net,"Clay County, GA",open,allowed,200,bare,,ok or not needed,ok,,Pepyaka,,2026-08-18
bullochcounty.net,"Bulloch County, GA",open,allowed,200,bare,,ok or not needed,ok,,Flywheel,,2026-08-19
evanscounty.org,"Evans County, GA",open,allowed,200,bare,,ok or not needed,ok,,Apache,,2026-08-19
buttscountyga.com,"Butts County, GA",open,allowed,200,bare,,ok or not needed,ok,,Apache,,2026-08-18
brantleycounty-ga.gov,"Brantley County, GA",open,allowed,200,bare,,ok or not needed,ok,,cloudflare,yes,2026-08-18
randolphcountyga.com,"Randolph County, GA",open,allowed,200,bare,,ok or not needed,ok,,,,2026-08-18
pikecoga.com,"Pike County, GA",open,allowed,200,bare,,ok or not needed,ok,,cloudflare,yes,2026-08-19
meriwethercountyga.gov,"Meriwether County, GA",open,allowed,200,bare,,ok or not needed,ok,,cloudflare,yes,2026-09-11
upsoncountyga.org,"Upson County, GA",open,allowed,200,bare,,ok or not needed,ok,,,,2026-08-18
putnamcountyga.us,"Putnam County, GA",open,allowed,200,bare,,ok or not needed,ok,,,,2026-09-12
paulding.gov,"Paulding County, GA",open,allowed,200,bare,,ok or not needed,ok,,Microsoft-IIS,,2026-08-19
greenecountyga.gov,"Greene County, GA",open,allowed,200,bare,,ok or not needed,ok,,,,2026-08-19
jonescountyga.org,"Jones County, GA",open,allowed,200,bare,,ok or not needed,ok,,Apache,,2026-08-18
polkga.org,"Polk County, GA",open,allowed,200,bare,,ok or not needed,ok,,,,2026-09-11
oglethorpecountyga.gov,"Oglethorpe County, GA",open,allowed,200,bare,,ok or not needed,ok,,Pepyaka,,2026-08-19
taliaferrocountyga.org,"Taliaferro County, GA",open,allowed,200,bare,,ok or not needed,ok,,nginx,,2026-08-18
haralsoncountyga.gov,"Haralson County, GA",open,allowed,200,bare,,ok or not needed,ok,,,,2026-08-19
carrollcountyga.gov,"Carroll County, GA",open,allowed,200,bare,,ok or not needed,ok,,cloudflare,yes,2026-08-18
clinchcountyga.gov,"Clinch County, GA",blocks basic request,allowed,403,bare,denied-403,ok or not needed,ok,Unknown platform on Google Cloud,nginx,,2026-08-18
fayettecountyga.gov,"Fayette County, GA",open,allowed,200,bare,,ok or not needed,ok,,,,2026-08-18
chattoogacounty.gov,"Chattooga County, GA",open,allowed,200,bare,,ok or not needed,ok,,,,2026-08-18
marioncountyga.org,"Marion County, GA",open,allowed,200,bare,,ok or not needed,ok,,LiteSpeed,,2026-08-18
metter-candlercounty.com,"Candler County, GA",open,allowed,200,bare,,ok or not needed,ok,,Apache,,2026-08-18
stewartcountyga.gov,"Stewart County, GA",blocks basic request and headless browser,allowed,403,bare,denied-403,blocked (403),ok,Other,,,2026-08-24
coweta.ga.us,"Coweta County, GA",open,allowed,200,bare,,ok or not needed,ok,,cloudflare,yes,2026-08-18
ugoccc.com,"Chattahoochee County, GA",open,allowed,200,bare,,ok or not needed,ok,,DPS,,2026-08-18
douglascountyga.gov,"Douglas County, GA",open,allowed,200,bare,,ok or not needed,ok,,,,2026-08-19
harpercountyks.gov,"Harper County, KS",open,allowed,200,bare,,ok or not needed,ok,,Pepyaka,,2026-09-13
renocountyks.gov,"Reno County, KS",blocks basic request and headless browser,allowed,403,bare,cloudflare-challenge,blocked (403),ok,Cloudflare (other sites),cloudflare,yes,2026-08-18
cherokeecountyks.gov,"Cherokee County, KS",open,allowed,200,bare-http,,ok or not needed,ok,,cloudflare,yes,2026-08-18
dccoks.org,"Decatur County, KS",open,allowed,200,bare,,ok or not needed,ok,,openresty,,2026-08-18
ellisco.net,"Ellis County, KS",open,allowed,200,bare,,ok or not needed,ok,,Microsoft-IIS,,2026-08-18
linncountyks.gov,"Linn County, KS",open,allowed,200,www,,ok or not needed,ok,,cloudflare,yes,2026-09-09
mitchellcountykansas.com,"Mitchell County, KS",open,allowed,200,bare,,ok or not needed,ok,,cloudflare,yes,2026-08-18
brcoks.org,"Brown County, KS",open,allowed,200,bare,,ok or not needed,ok,,,,2026-08-18
atchisoncountyks.org,"Atchison County, KS",open,allowed,200,bare,,ok or not needed,ok,,Microsoft-IIS,,2026-08-19
ks1495.cichosting.com,"Smith County, KS",open,allowed,200,bare,,ok or not needed,ok,,Microsoft-IIS,,2026-08-18
claycountykansas.org,"Clay County, KS",open,allowed,200,bare,,ok or not needed,ok,,,,2026-08-18
phillipscountyks.org,"Phillips County, KS",open,allowed,200,bare,,ok or not needed,ok,,nginx,,2026-08-18
morriscountyks.org,"Morris County, KS",blocks basic request,allowed,403,www,cloudflare-challenge,error,ok,CivicPlus (Cloudflare),cloudflare,yes,2026-08-17
kearnycountykansas.com,"Kearny County, KS",blocks basic request,allowed,403,www,cloudflare-challenge,error,ok,CivicPlus (Cloudflare),cloudflare,yes,2026-08-19
bourboncountyks.org,"Bourbon County, KS",robots.txt exclusion,crawl-delay,200,bare,,ok or not needed,none,,,,2026-07-19
elkcountyks.org,"Elk County, KS",open,allowed,200,bare,,ok or not needed,ok,,Apache,,2026-08-18
hodgemancountyks.com,"Hodgeman County, KS",open,allowed,200,bare,,ok or not needed,ok,,DPS,,2026-08-18
meadeco.org,"Meade County, KS",open,allowed,200,bare,,ok or not needed,ok,,,,2026-08-18
andersoncountyks.org,"Anderson County, KS",open,allowed,200,bare,,ok or not needed,ok,,Apache,,2026-08-19
edwardscountyks.org,"Edwards County, KS",open,allowed,200,bare,,ok or not needed,ok,,nginx,,2026-08-18
wichitacounty.org,"Wichita County, KS",open,allowed,200,bare,,ok or not needed,ok,,,,2026-08-19
ricecounty.us,"Rice County, KS",open,allowed,200,bare,,ok or not needed,ok,,,,2026-08-18
thomascountyks.gov,"Thomas County, KS",open,allowed,200,bare,,ok or not needed,ok,,cloudflare,yes,2026-08-18
staffordcounty.org,"Stafford County, KS",open,allowed,200,bare,,ok or not needed,ok,,cloudflare,yes,2026-09-11
nortoncountyks.gov,"Norton County, KS",open,allowed,200,bare,,ok or not needed,ok,,nginx,,2026-09-12
grantcoks.org,"Grant County, KS",open,allowed,200,bare,,ok or not needed,ok,,,,2026-08-18
cowleycountyks.gov,"Chautauqua County, KS",open,allowed,200,bare,,ok or not needed,ok,,cloudflare,yes,2026-09-11
wallacecountyks.gov,"Wallace County, KS",open,allowed,200,bare,,ok or not needed,ok,,,,2026-08-18
rookscountyks.gov,"Rooks County, KS",blocks basic request,allowed,403,bare,cloudflare-challenge,ok or not needed,ok,CivicPlus (Cloudflare),cloudflare,yes,2026-08-24
jacksoncountyks.com,"Jackson County, KS",open,allowed,200,bare,,ok or not needed,ok,,,,2026-08-18
mtcoks.com,"Morton County, KS",open,allowed,200,bare,,ok or not needed,ok,,,,2026-08-18
hamiltoncountyks.org,"Hamilton County, KS",open,allowed,200,bare,,ok or not needed,ok,,,,2026-08-19
wbcounty.org,"Wabaunsee County, KS",open,allowed,200,bare,,ok or not needed,ok,,,,2026-08-18
rileycountyks.gov,"Riley County, KS",open,allowed,200,bare,,ok or not needed,ok,,cloudflare,yes,2026-08-18
grayco.org,"Gray County, KS",blocks basic request and headless browser,allowed,403,bare,cloudflare-challenge,blocked (403),ok,Cloudflare (other sites),cloudflare,yes,2026-08-24
ks520.cichosting.com,"Republic County, KS",open,allowed,200,bare,,ok or not needed,ok,,Microsoft-IIS,,2026-09-09
rawlinscounty.org,"Rawlins County, KS",open,allowed,200,bare,,ok or not needed,ok,,,,2026-08-18
bartoncounty.org,"Barton County, KS",open,allowed,200,www,,ok or not needed,ok,,Apache,,2026-08-18
dkcoks.gov,"Dickinson County, KS",open,allowed,200,bare,,ok or not needed,ok,,cloudflare,yes,2026-08-18
osbornecounty.org,"Osborne County, KS",open,allowed,200,bare,,ok or not needed,ok,,Apache,,2026-08-18
allencounty.org,"Allen County, KS",open,allowed,200,bare,,ok or not needed,ok,,Pepyaka,,2026-08-18
greenwoodcounty.org,"Greenwood County, KS",open,allowed,200,bare,,ok or not needed,ok,,nginx,,2026-08-18
dgcoks.gov,"Douglas County, KS",open,allowed,200,bare,,ok or not needed,ok,,,,2026-08-19
pawneecountykansas.com,"Pawnee County, KS",open,allowed,200,bare,,ok or not needed,ok,,Microsoft-IIS,,2026-08-18
coffeycountyks.org,"Coffey County, KS",open,allowed,200,bare,,ok or not needed,ok,,Microsoft-IIS,,2026-08-19
bucoks.com,"Butler County, KS",open,allowed,200,bare,,ok or not needed,ok,,,,2026-08-19
washingtoncountyks.gov,"Washington County, KS",blocks basic request and headless browser,allowed,403,bare,denied-403,blocked (403),ok,Cloudflare (other sites),cloudflare,yes,2026-08-24
lyoncountyks.gov,"Lyon County, KS",open,allowed,200,bare,,ok or not needed,ok,,Microsoft-IIS,,2026-08-18
dpcountyks.com,"Doniphan County, KS",open,allowed,200,bare,,ok or not needed,ok,,LiteSpeed,,2026-08-18
lanecountyks.org,"Lane County, KS",open,allowed,200,bare-http,,ok or not needed,ok,,Apache,,2026-09-09
gearycounty.gov,"Geary County, KS",open,allowed,200,www,,ok or not needed,ok,,,,2026-09-09
clarkcountyks.com,"Clark County, KS",blocks basic request,allowed,403,bare,cloudflare-challenge,ok or not needed,ok,CivicPlus (Cloudflare),cloudflare,yes,2026-08-24
shermancountyks.gov,"Sherman County, KS",blocks basic request,allowed,403,bare,cloudflare-challenge,ok or not needed,ok,Cloudflare (other sites),cloudflare,yes,2026-08-18
pottcounty.org,"Pottawatomie County, KS",open,allowed,200,bare,,ok or not needed,ok,,Microsoft-IIS,,2026-08-18
fordcounty.net,"Ford County, KS",open,allowed,200,bare,,ok or not needed,ok,,,,2026-08-18
labettecounty.com,"Labette County, KS",open,allowed,200,bare,,ok or not needed,ok,,Apache,,2026-08-18
ks420.cichosting.com,"Wilson County, KS",open,allowed,200,bare,,ok or not needed,ok,,Microsoft-IIS,,2026-09-09
nesscountyks.gov,"Ness County, KS",open,allowed,200,www,,ok or not needed,ok,,cloudflare,yes,2026-09-09
cncoks.us,"Cheyenne County, KS",open,allowed,200,bare,,ok or not needed,ok,,nginx,,2026-09-11
snco.gov,"Shawnee County, KS",open,allowed,200,bare,,ok or not needed,ok,,cloudflare,yes,2026-08-18
prattcounty.org,"Pratt County, KS",open,allowed,200,bare,,ok or not needed,ok,,,,2026-08-19
crawfordcountykansas.org,"Crawford County, KS",open,allowed,200,bare,,ok or not needed,ok,,cloudflare,yes,2026-08-18
greeleycounty.org,"Greeley County, KS",blocks basic request and headless browser,allowed,403,bare-http,denied-403,blocked (403),ok,Other,,,2026-09-09
barber.ks.gov,"Barber County, KS",open,allowed,200,bare,,ok or not needed,ok,,cloudflare,yes,2026-08-18
salinecountyks.gov,"Saline County, KS",blocks basic request,allowed,403,bare,cloudflare-challenge,ok or not needed,ok,Cloudflare (other sites),cloudflare,yes,2026-09-11
cloudcountyks.org,"Cloud County, KS",open,allowed,200,bare,,ok or not needed,ok,,,,2026-08-18
finneycounty.org,"Finney County, KS",open,allowed,200,bare,,ok or not needed,ok,,cloudflare,yes,2026-08-18
sheridancountyks.gov,"Sheridan County, KS",open,allowed,200,bare,,ok or not needed,ok,,cloudflare,yes,2026-08-18
miamicountyks.gov,"Miami County, KS",open,allowed,200,www-http,,ok or not needed,ok,,,,2026-09-09
tregocountyks.gov,"Trego County, KS",blocks everything,allowed,403,bare,denied-403,not reached,403,Cloudflare (other sites),cloudflare,yes,2026-09-09
marioncoks.net,"Marion County, KS",open,allowed,200,bare,,ok or not needed,ok,,cloudflare,yes,2026-08-18
comanchecoks.org,"Comanche County, KS",open,allowed,200,bare,,ok or not needed,ok,,cloudflare,yes,2026-08-18
haskellcounty.org,"Haskell County, KS",blocks basic request,allowed,403,www,cloudflare-challenge,error,ok,CivicPlus (Cloudflare),cloudflare,yes,2026-08-19
jewellcountykansas.net,"Jewell County, KS",open,allowed,200,bare,,ok or not needed,ok,,DPS,,2026-08-18
rushcountykansas.org,"Rush County, KS",open,allowed,200,bare,,ok or not needed,ok,,Apache,,2026-08-18
leavenworthcounty.gov,"Leavenworth County, KS",open,allowed,200,bare,,ok or not needed,ok,,,,2026-08-18
jocogov.org,"Johnson County, KS",open,allowed,200,www,,ok or not needed,ok,,,,2026-08-27
govecountyks.gov,"Gove County, KS",blocks everything,allowed,403,bare,denied-403,not reached,403,Cloudflare (other sites),cloudflare,yes,2026-09-13
kingmancoks.org,"Kingman County, KS",open,allowed,200,bare,,ok or not needed,ok,,Microsoft-IIS,,2026-09-09
sewardcountyks.org,"Seward County, KS",open,allowed,200,bare,,ok or not needed,ok,,Microsoft-IIS,,2026-08-18
grahamcountyks.com,"Graham County, KS",blocks basic request,allowed,403,www,cloudflare-challenge,error,ok,CivicPlus (Cloudflare),cloudflare,yes,2026-08-18
osageco.org,"Osage County, KS",open,allowed,200,bare,,ok or not needed,ok,,,,2026-08-19
russellcountykansas.com,"Russell County, KS",open,allowed,200,bare,,ok or not needed,ok,,,,2026-08-18
neoshocountyks.org,"Neosho County, KS",open,allowed,200,bare,,ok or not needed,ok,,,,2026-09-13
ellsworthcounty.org,"Ellsworth County, KS",open,allowed,200,bare,,ok or not needed,ok,,,,2026-08-18
ks482.cichosting.com,"Woodson County, KS",open,allowed,200,bare,,ok or not needed,ok,,Microsoft-IIS,,2026-09-09
co.sumner.ks.us,"Sumner County, KS",open,allowed,200,bare,,ok or not needed,ok,,,,2026-08-18
ks497.cichosting.com,"Lincoln County, KS",open,allowed,200,bare,,ok or not needed,ok,,Microsoft-IIS,,2026-08-19
franklincoks.org,"Franklin County, KS",open,allowed,200,bare,,ok or not needed,ok,,,,2026-08-18
scottcountyks.com,"Scott County, KS",open,allowed,200,bare,,ok or not needed,ok,,Apache,,2026-09-11
mgcountyks.org,"Montgomery County, KS",open,allowed,200,bare,,ok or not needed,ok,,cloudflare,yes,2026-08-18
nmcoks.us,"Nemaha County, KS",open,allowed,200,bare,,ok or not needed,ok,,nginx,,2026-08-18
stevenscoks.org,"Stevens County, KS",open,allowed,200,bare,,ok or not needed,ok,,,,2026-08-18
wycokck.org,"Wyandotte County, KS",open,allowed,200,www,,ok or not needed,ok,,cloudflare,yes,2026-09-13
jfcountyks.com,"Jefferson County, KS",open,allowed,200,bare,,ok or not needed,ok,,Microsoft-IIS,,2026-08-19
kiowacountyks.gov,"Kiowa County, KS",open,allowed,200,bare,,ok or not needed,ok,,cloudflare,yes,2026-08-18
ks283.cichosting.com,"Marshall County, KS",open,allowed,200,bare,,ok or not needed,ok,,Microsoft-IIS,,2026-08-18
ks1497.cichosting.com,"Ottawa County, KS",open,allowed,200,bare,,ok or not needed,ok,,Microsoft-IIS,,2026-08-18
chasecountyks.com,"Chase County, KS",open,allowed,200,bare,,ok or not needed,ok,,Apache,,2026-08-19
millercountyga.gov,"Miller County, GA",open,allowed,200,bare,,ok or not needed,ok,,Apache,,2026-08-19
seminolecountyga.com,"Seminole County, GA",open,allowed,200,bare,,ok or not needed,ok,,,,2026-08-19
crispcounty.com,"Crisp County, GA",open,allowed,200,bare,,ok or not needed,failed,,Apache,,2026-09-11
lee.ga.us,"Lee County, GA",open,allowed,200,bare-http,,ok or not needed,failed,,Apache,,2026-09-11
irwincounty-ga.gov,"Irwin County, GA",open,allowed,200,bare,,ok or not needed,ok,,nginx,,2026-08-18
wilcoxcounty.live-website.com,"Wilcox County, GA",open,allowed,200,bare,,ok or not needed,ok,,Apache,,2026-08-18
emanuelco-ga.gov,"Emanuel County, GA",open,allowed,200,www,,ok or not needed,ok,,,,2026-09-09
dodgecountyga.com,"Dodge County, GA",open,allowed,200,bare,,ok or not needed,ok,,Apache,,2026-08-18
maconcountyga.gov,"Macon County, GA",open,allowed,200,bare,,ok or not needed,ok,,,,2026-08-18
hawkinsville-pulaski.org,"Pulaski County, GA",open,allowed,200,bare,,ok or not needed,ok,,Apache,,2026-08-18
cookcountyga.us,"Cook County, GA",open,allowed,200,bare,,ok or not needed,ok,,Apache,,2026-08-19
jenkinscountyga.com,"Jenkins County, GA",open,allowed,200,bare,,ok or not needed,ok,,Apache,,2026-08-18
gradycountyga.gov,"Grady County, GA",open,allowed,200,bare,,ok or not needed,ok,,Apache,,2026-08-18
turnercountygeorgia.com,"Turner County, GA",open,allowed,200,bare,,ok or not needed,ok,,Microsoft-IIS,,2026-08-18
echolscountyga.com,"Echols County, GA",open,allowed,200,bare,,ok or not needed,ok,,Apache,,2026-09-09
mitchellcountyga.net,"Mitchell County, GA",open,allowed,200,bare,,ok or not needed,ok,,cloudflare,yes,2026-08-18
sumtercountyga.us,"Sumter County, GA",open,allowed,200,bare,,ok or not needed,ok,,,,2026-08-18
lowndescounty.com,"Lowndes County, GA",open,allowed,200,bare,,ok or not needed,ok,,,,2026-08-18
decaturcountyga.gov,"Decatur County, GA",open,allowed,200,bare,,ok or not needed,ok,,Apache,,2026-08-19
coffeecounty-ga.gov,"Coffee County, GA",open,allowed,200,www,,ok or not needed,ok,,,,2026-09-09
jeffdaviscountyga.gov,"Jeff Davis County, GA",open,allowed,200,bare,,ok or not needed,ok,,DPS,,2026-08-18
worthcountyboc.com,"Worth County, GA",blocks basic request and headless browser,allowed,403,bare,cloudflare-challenge,blocked (403),ok,Cloudflare (other sites),cloudflare,yes,2026-08-19
floydcountyga.gov,"Floyd County, GA",open,allowed,200,bare,,ok or not needed,ok,,,,2026-08-18
tiftcounty.org,"Tift County, GA",open,allowed,200,bare,,ok or not needed,ok,,,,2026-08-18
doolycountyga.com,"Dooly County, GA",open,allowed,200,bare,,ok or not needed,ok,,cloudflare,yes,2026-08-18
longcountyga.gov,"Long County, GA",open,allowed,200,bare,,ok or not needed,ok,,Squarespace,,2026-08-18
johnsonco.org,"Johnson County, GA",blocks basic request and headless browser,allowed,403,bare,cloudflare-challenge,blocked (403),ok,Cloudflare (other sites),cloudflare,yes,2026-08-24
harriscountyga.gov,"Harris County, GA",open,allowed,200,bare,,ok or not needed,ok,,nginx,,2026-08-18
gilmercounty-ga.gov,"Gilmer County, GA",open,allowed,200,bare,,ok or not needed,ok,,cloudflare,yes,2026-08-18
jeffersoncountyga.gov,"Jefferson County, GA",open,allowed,200,bare,,ok or not needed,ok,,,,2026-09-11
hancockcountyga.gov,"Hancock County, GA",open,allowed,200,bare,,ok or not needed,ok,,Squarespace,,2026-08-19
lumpkincounty.gov,"Lumpkin County, GA",open,allowed,200,bare,,ok or not needed,ok,,Microsoft-IIS,,2026-08-18
libertycountyga.gov,"Liberty County, GA",open,allowed,200,bare,,ok or not needed,ok,,cloudflare,yes,2026-08-18
heardcountyga.com,"Heard County, GA",open,allowed,200,bare,,ok or not needed,ok,,Apache,,2026-08-18
glascockcountyga.com,"Glascock County, GA",blocks basic request,allowed,403,bare,cloudflare-challenge,ok or not needed,ok,CivicPlus (Cloudflare),cloudflare,yes,2026-08-24
piercecountyga.gov,"Pierce County, GA",open,allowed,200,bare,,ok or not needed,ok,,cloudflare,yes,2026-08-18
mcintoshcountyga.com,"McIntosh County, GA",open,allowed,200,bare,,ok or not needed,ok,,,,2026-08-18
schleycountyga.us,"Schley County, GA",open,allowed,200,bare,,ok or not needed,ok,,Netlify,,2026-08-18
columbusga.gov,"Muscogee County, GA",open,allowed,200,bare,,ok or not needed,ok,,,,2026-08-19
thomson-mcduffie.gov,"McDuffie County, GA",open,allowed,200,bare,,ok or not needed,ok,,cloudflare,yes,2026-08-18
tattnallcountyga.com,"Tattnall County, GA",open,allowed,200,bare,,ok or not needed,ok,,,,2026-08-18
gqc-ga.org,"Quitman County, GA",open,allowed,200,www,,ok or not needed,ok,,Microsoft-IIS,,2026-08-18
talbotcountyga.org,"Talbot County, GA",blocks basic request and headless browser,allowed,403,bare,cloudflare-challenge,blocked (403),ok,Cloudflare (other sites),cloudflare,yes,2026-08-24
montcoga.gov,"Montgomery County, GA",blocks basic request and headless browser,allowed,403,bare,cloudflare-challenge,blocked (403),ok,CivicPlus (Cloudflare),cloudflare,yes,2026-08-24
madisoncountyga.us,"Madison County, GA",open,allowed,200,www,,ok or not needed,ok,,ESF,,2026-09-09
washingtoncountyga.gov,"Washington County, GA",open,allowed,200,bare,,ok or not needed,ok,,,,2026-08-19
treutlencountygov.com,"Treutlen County, GA",open,allowed,200,bare,,ok or not needed,ok,,,,2026-08-15
taylorcountyga.com,"Taylor County, GA",open,allowed,200,bare,,ok or not needed,ok,,Apache,,2026-08-18
wheelercounty.org,"Wheeler County, GA",blocks basic request and headless browser,allowed,403,bare,cloudflare-challenge,blocked (403),ok,Cloudflare (other sites),cloudflare,yes,2026-08-24
warrencountyga.com,"Warren County, GA",open,allowed,200,bare,,ok or not needed,ok,,cloudflare,yes,2026-08-18
toombscountyga.gov,"Toombs County, GA",blocks basic request,allowed,403,bare,denied-403,ok or not needed,ok,Cloudflare (other sites),cloudflare,yes,2026-08-19
wilkescountyga.org,"Wilkes County, GA",blocks basic request and headless browser,allowed,403,bare,cloudflare-challenge,blocked (403),ok,Cloudflare (other sites),cloudflare,yes,2026-08-18
webstercountyga.org,"Webster County, GA",open,allowed,200,bare,,ok or not needed,ok,,Apache,,2026-08-19
troupcountyga.gov,"Troup County, GA",open,allowed,200,bare,,ok or not needed,ok,,,,2026-08-18
terrellcountyga.gov,"Terrell County, GA",open,allowed,200,bare,,ok or not needed,ok,,nginx,,2026-08-19
whitecountyga.gov,"White County, GA",open,allowed,200,bare,,ok or not needed,ok,,,,2026-08-18
houstoncountyga.gov,"Houston County, GA",open,allowed,200,bare,,ok or not needed,ok,,cloudflare,yes,2026-08-18
peachcounty.gov,"Peach County, GA",open,allowed,200,bare,,ok or not needed,ok,,LiteSpeed,,2026-08-19
owencounty.in.gov,"Owen County, IN",robots.txt exclusion,crawl-delay,200,bare,,ok or not needed,none,,,,2026-07-19
co.greene.in.us,"Greene County, IN",robots.txt exclusion,crawl-delay,200,bare,,ok or not needed,none,,nginx,,2026-07-19
monroecountyil.gov,"Monroe County, IN",open,allowed,200,bare,,ok or not needed,ok,,cloudflare,yes,2026-09-11
mineralwv.gov,"Mineral County, WV",open,allowed,200,www,,ok or not needed,ok,,Apache,,2026-09-09
berkeleywv.org,"Berkeley County, WV",open,allowed,200,bare,,ok or not needed,ok,,,,2026-08-19
jeffersoncountywv.org,"Jefferson County, WV",open,allowed,200,www,,ok or not needed,ok,,Microsoft-HTTPAPI,,2026-09-09
hampshirewv.com,"Hampshire County, WV",open,allowed,200,bare-http,,ok or not needed,ok,,Microsoft-IIS,,2026-09-09
morgancountywv.gov,"Morgan County, WV",open,allowed,200,bare,,ok or not needed,ok,,LiteSpeed,,2026-08-18
grantcountywv.org,"Grant County, WV",open,allowed,200,bare,,ok or not needed,ok,,Apache,,2026-08-18
pwcva.gov,"Prince William County, VA",open,allowed,200,www,,ok or not needed,ok,,cloudflare,yes,2026-08-27
co.northumberland.va.us,"Northumberland County, VA",open,allowed,200,bare,,ok or not needed,ok,,cloudflare,yes,2026-08-18
staffordcountyva.gov,"Stafford County, VA",open,allowed,200,bare,,ok or not needed,ok,,,,2026-08-27
kinggeorgecountyva.gov,"King George County, VA",open,allowed,200,bare,,ok or not needed,ok,,,,2026-08-18
shermancountyor.gov,"Sherman County, OR",open,allowed,200,www,,ok or not needed,ok,,cloudflare,yes,2026-09-09
gilliamcountyor.gov,"Gilliam County, OR",open,allowed,200,bare,,ok or not needed,ok,,,,2026-09-11
asotincountywa.gov,"Asotin County, WA",open,allowed,200,bare,,ok or not needed,ok,,,,2026-08-18
garfieldcountywa.gov,"Garfield County, WA",blocks basic request and headless browser,allowed,403,bare,cloudflare-challenge,blocked (403),ok,CivicPlus (Cloudflare),cloudflare,yes,2026-08-18
whitmancounty.gov,"Whitman County, WA",open,allowed,200,www,,ok or not needed,ok,,,,2026-09-09
columbiaco.com,"Columbia County, WA",open,allowed,200,bare,,ok or not needed,ok,,Microsoft-IIS,,2026-08-18
franklincountywa.gov,"Franklin County, WA",open,allowed,200,bare,,ok or not needed,ok,,,,2026-08-19
wwcowa.gov,"Walla Walla County, WA",open,allowed,200,www,,ok or not needed,ok,,,,2026-09-09
spokanecounty.gov,"Spokane County, WA",open,allowed,200,bare,,ok or not needed,ok,,cloudflare,yes,2026-08-18
pendoreille.gov,"Pend Oreille County, WA",open,allowed,200,bare,,ok or not needed,ok,,cloudflare,yes,2026-08-18
stevenscountywa.gov,"Stevens County, WA",blocks basic request and headless browser,allowed,403,bare,cloudflare-challenge,blocked (403),ok,Cloudflare (other sites),cloudflare,yes,2026-08-24
bentoncountywa.gov,"Benton County, WA",open,allowed,200,bare,,ok or not needed,ok,,,,2026-08-18
klickitatcounty.gov,"Klickitat County, WA",open,allowed,200,bare,,ok or not needed,ok,,,,2026-09-11
ferry-county.com,"Ferry County, WA",open,allowed,200,bare,,ok or not needed,ok,,,,2026-08-18
lincolncountywa.com,"Lincoln County, WA",open,allowed,200,bare,,ok or not needed,ok,,,,2026-09-12
okanogancounty.gov,"Okanogan County, WA",open,allowed,200,www,,ok or not needed,ok,,cloudflare,yes,2026-09-09
grantcountywa.gov,"Grant County, WA",open,allowed,200,www,,ok or not needed,ok,,cloudflare,yes,2026-09-09
co.adams.wa.gov,"Adams County, WA",open,allowed,200,www,,ok or not needed,ok,,,,2026-09-09
yakimacounty.us,"Yakima County, WA",open,allowed,200,bare,,ok or not needed,ok,,,,2026-08-19
skamaniacounty.org,"Skamania County, WA",blocks basic request and headless browser,allowed,403,bare,denied-403,blocked (403),ok,Granicus govAccess (Akamai),AkamaiGHost,,2026-08-24
clark.wa.gov,"Clark County, WA",open,allowed,200,bare,,ok or not needed,ok,,nginx,,2026-08-19
co.cowlitz.wa.us,"Cowlitz County, WA",open,allowed,200,www,,ok or not needed,ok,,,,2026-09-09
lewiscountywa.gov,"Lewis County, WA",broken or unreachable,allowed,error,bare,,ok or not needed,ok,,,,2026-08-18
co.kittitas.wa.us,"Kittitas County, WA",open,allowed,200,bare,,ok or not needed,ok,,,,2026-08-18
kingcounty.gov,"King County, WA",open,allowed,200,bare,,ok or not needed,ok,,,,2026-08-19
piercecountywa.gov,"Pierce County, WA",blocks basic request,allowed,403,bare,cloudflare-challenge,ok or not needed,ok,Cloudflare (other sites),cloudflare,yes,2026-08-19
co.wahkiakum.wa.us,"Wahkiakum County, WA",open,allowed,200,bare,,ok or not needed,ok,,,,2026-08-18
co.pacific.wa.us,"Pacific County, WA",robots.txt exclusion,disallowed,200,bare,,ok or not needed,none,,Microsoft-IIS,,2026-07-19
graysharbor.us,"Grays Harbor County, WA",open,allowed,200,bare,,ok or not needed,ok,,,,2026-08-19
thurstoncountywa.gov,"Thurston County, WA",open,allowed,200,bare,,ok or not needed,ok,,,,2026-09-12
co.chelan.wa.us,"Chelan County, WA",open,allowed,200,bare,,ok or not needed,ok,,Microsoft-IIS,,2026-09-12
douglascountywa.gov,"Douglas County, WA",open,allowed,200,www,,ok or not needed,ok,,cloudflare,yes,2026-09-09
masoncountywa.gov,"Mason County, WA",open,allowed,200,bare,,ok or not needed,ok,,cloudflare,yes,2026-08-19
kitsap.gov,"Kitsap County, WA",open,allowed,200,bare,,ok or not needed,ok,,Microsoft-IIS,,2026-08-18
co.jefferson.wa.us,"Jefferson County, WA",open,allowed,200,bare,,ok or not needed,ok,,Microsoft-IIS,,2026-08-18
whatcomcounty.us,"Whatcom County, WA",open,allowed,200,bare,,ok or not needed,ok,,cloudflare,yes,2026-08-19
skagitcounty.net,"Skagit County, WA",open,allowed,200,www,,ok or not needed,ok,,Microsoft-IIS,,2026-08-18
snohomishcountywa.gov,"Snohomish County, WA",open,allowed,200,bare,,ok or not needed,ok,,cloudflare,yes,2026-08-26
clallamcountywa.gov,"Clallam County, WA",open,allowed,200,bare,,ok or not needed,ok,,,,2026-08-18
sanjuancountywa.gov,"San Juan County, WA",open,allowed,200,bare,,ok or not needed,ok,,,,2026-08-19
islandcountywa.gov,"Island County, WA",open,allowed,200,bare,,ok or not needed,ok,,,,2026-08-18
mariescountymo.gov,"Maries County, MO",open,allowed,200,bare,,ok or not needed,ok,,Apache,,2026-08-19
barrycountycollector.com,"Barry County, MO",broken or unreachable,allowed,error,bare,,ok or not needed,ok,,,,2026-08-19
dekalbcountymo.com,"DeKalb County, MO",open,allowed,200,bare,,ok or not needed,ok,,DPS,,2026-08-18
perrycountymo.us,"Perry County, MO",open,allowed,200,bare,,ok or not needed,ok,,,,2026-08-18
osagecountygov.com,"Osage County, MO",open,allowed,200,bare,,ok or not needed,ok,,,,2026-09-11
monroecountymo.gov,"Monroe County, MO",open,allowed,200,bare,,ok or not needed,ok,,LiteSpeed,,2026-08-18
maconcountymo.com,"Macon County, MO",open,allowed,200,bare,,ok or not needed,ok,,nginx,,2026-08-18
stegencounty.gov,"Ste. Genevieve County, MO",open,allowed,200,www,,ok or not needed,ok,,Server,,2026-09-09
franklinmo.org,"Franklin County, MO",open,allowed,200,bare,,ok or not needed,ok,,Pepyaka,,2026-08-19
millercountymo.gov,"Miller County, MO",open,allowed,200,bare,,ok or not needed,ok,,,,2026-08-18
callawaycounty.org,"Callaway County, MO",open,allowed,200,bare,,ok or not needed,ok,,cloudflare,yes,2026-08-18
co.platte.mo.us,"Platte County, MO",open,allowed,200,bare,,ok or not needed,ok,,cloudflare,yes,2026-09-13
hickorycomo.net,"Hickory County, MO",blocks basic request,allowed,403,bare,denied-403,ok or not needed,ok,Unknown platform on Google Cloud,nginx,,2026-08-19
henrycomo.com,"Henry County, MO",open,allowed,200,bare,,ok or not needed,ok,,Pepyaka,,2026-08-19
cartercountymosheriff.org,"Carter County, MO",open,allowed,200,bare,,ok or not needed,ok,,Server,,2026-08-18
countyofbarton.gov,"Barton County, MO",open,allowed,200,bare,,ok or not needed,ok,,DPS,,2026-08-18
stlouiscountymo.gov,"Saint Louis County, MO",blocks basic request and headless browser,allowed,403,bare,cloudflare-challenge,blocked (403),ok,Cloudflare (other sites),cloudflare,yes,2026-08-26
salinecountymo.gov,"Saline County, MO",open,allowed,200,bare,,ok or not needed,ok,,cloudflare,yes,2026-08-18
webstercountymo.gov,"Webster County, MO",open,allowed,200,bare,,ok or not needed,ok,,cloudflare,yes,2026-08-18
daviesscountymo.gov,"Daviess County, MO",open,allowed,200,bare,,ok or not needed,ok,,Microsoft-IIS,,2026-09-12
carrollcountymo.gov,"Carroll County, MO",open,allowed,200,bare,,ok or not needed,ok,,nginx,,2026-08-19
jacksongov.org,"Jackson County, MO",open,allowed,200,www,,ok or not needed,ok,,,,2026-08-18
knoxcountymo.org,"Knox County, MO",open,allowed,200,bare,,ok or not needed,ok,,Apache,,2026-08-19
co.buchanan.mo.us,"Buchanan County, MO",blocks basic request,allowed,403,bare,cloudflare-challenge,ok or not needed,ok,Cloudflare (other sites),cloudflare,yes,2026-08-18
casscounty.com,"Cass County, MO",open,allowed,200,bare,,ok or not needed,ok,,,,2026-08-19
ironcountymo.gov,"Iron County, MO",open,allowed,200,bare,,ok or not needed,ok,,,,2026-08-18
ozarkcounty.net,"Ozark County, MO",open,allowed,200,bare,,ok or not needed,ok,,Apache,,2026-08-18
jeffcomo.gov,"Jefferson County, MO",open,allowed,200,www,,ok or not needed,ok,,,,2026-09-09
ripleycountymissouri.org,"Ripley County, MO",open,allowed,200,bare,,ok or not needed,ok,,Apache,,2026-08-18
pulaskicountymo.org,"Pulaski County, MO",open,allowed,200,bare-http,,ok or not needed,ok,,DPS,,2026-09-09
christiancountymo.gov,"Christian County, MO",open,allowed,200,bare,,ok or not needed,ok,,Apache,,2026-09-09
dunklincounty.gov,"Dunklin County, MO",open,allowed,200,bare,,ok or not needed,ok,,cloudflare,yes,2026-09-09
capecounty.us,"Cape Girardeau County, MO",blocks basic request,allowed,403,bare,denied-403,ok or not needed,ok,Unknown platform on Google Cloud,nginx,,2026-08-18
jaspercountymo.gov,"Jasper County, MO",open,allowed,200,bare,,ok or not needed,ok,,Pepyaka,,2026-08-18
shelbycountymo.com,"Shelby County, MO",open,allowed,200,bare,,ok or not needed,ok,,Flywheel,,2026-08-18
polkcountymo.gov,"Polk County, MO",open,allowed,200,bare,,ok or not needed,ok,,nginx,,2026-08-18
lacledecountymissouri.org,"Laclede County, MO",open,allowed,200,bare,,ok or not needed,ok,,LiteSpeed,,2026-08-18
lawrencecountymo.org,"Lawrence County, MO",open,allowed,200,bare,,ok or not needed,ok,,Pepyaka,,2026-08-18
grundycountymo.com,"Grundy County, MO",open,allowed,200,bare,,ok or not needed,ok,,nginx,,2026-08-18
clintoncomo.org,"Clinton County, MO",open,allowed,200,bare,,ok or not needed,ok,,nginx,,2026-08-18
scotlandcountymo.org,"Scotland County, MO",open,allowed,200,bare,,ok or not needed,ok,,Squarespace,,2026-08-17
mcdonaldcountymo.gov,"McDonald County, MO",open,allowed,200,bare,,ok or not needed,ok,,Apache,,2026-08-18
misscomo.net,"Mississippi County, MO",open,allowed,200,bare,,ok or not needed,ok,,,,2026-08-18
cedarcountymo.gov,"Cedar County, MO",open,allowed,200,bare,,ok or not needed,ok,,Apache,,2026-08-18
wrightcountymo.gov,"Wright County, MO",open,allowed,200,bare,,ok or not needed,ok,,nginx,,2026-08-18
coopercountymo.gov,"Cooper County, MO",open,allowed,200,bare,,ok or not needed,ok,,cloudflare,yes,2026-08-19
newtoncountymo.com,"Newton County, MO",open,allowed,200,bare,,ok or not needed,ok,,cloudflare,yes,2026-09-11
texascountymissouri.gov,"Texas County, MO",open,allowed,200,bare,,ok or not needed,ok,,cloudflare,yes,2026-08-18
sfcgov.org,"Saint Francois County, MO",open,allowed,200,bare,,ok or not needed,ok,,cloudflare,yes,2026-09-09
lincolncomo.gov,"Lincoln County, MO",open,allowed,200,bare,,ok or not needed,ok,,cloudflare,yes,2026-08-18
shannoncounty.gov,"Shannon County, MO",open,allowed,200,www,,ok or not needed,ok,,cloudflare,yes,2026-09-09
holtcountymo.gov,"Holt County, MO",open,allowed,200,bare,,ok or not needed,ok,,Apache,,2026-09-11
lewiscountymo.org,"Lewis County, MO",broken or unreachable,allowed,error,bare,,ok or not needed,ok,,,,2026-08-24
raycountymo.com,"Ray County, MO",open,allowed,200,bare,,ok or not needed,ok,,cloudflare,yes,2026-08-18
camdencountymo.gov,"Camden County, MO",open,allowed,200,bare,,ok or not needed,ok,,Flywheel,,2026-08-18
bentoncomo.com,"Benton County, MO",open,allowed,200,bare,,ok or not needed,ok,,Apache,,2026-08-18
taneycounty.org,"Taney County, MO",open,allowed,200,bare,,ok or not needed,ok,,Apache,,2026-08-18
audraincounty.org,"Audrain County, MO",open,allowed,200,bare,,ok or not needed,ok,,Squarespace,,2026-08-19
crawfordcountymo.net,"Crawford County, MO",open,allowed,200,bare,,ok or not needed,ok,,Sucuri,yes,2026-08-18
howellcountymo.gov,"Howell County, MO",open,allowed,200,bare,,ok or not needed,ok,,Apache,,2026-09-09
boonemo.gov,"Boone County, MO",open,allowed,200,www,,ok or not needed,ok,,,,2026-09-09
claycountymo.gov,"Clay County, MO",open,allowed,200,bare,,ok or not needed,ok,,cloudflare,yes,2026-08-18
gentrycounty.net,"Gentry County, MO",open,allowed,200,bare,,ok or not needed,ok,,Apache,,2026-08-18
morgancountymo.gov,"Morgan County, MO",open,allowed,200,bare,,ok or not needed,ok,,Server,,2026-08-19
linncomo.com,"Linn County, MO",open,allowed,200,bare,,ok or not needed,ok,,cloudflare,yes,2026-08-19
madisoncountymo.us,"Madison County, MO",open,allowed,200,bare,,ok or not needed,ok,,cloudflare,yes,2026-08-18
dadecountymo.gov,"Dade County, MO",open,allowed,200,bare,,ok or not needed,ok,,nginx,,2026-08-18
batescounty.net,"Bates County, MO",open,allowed,200,bare,,ok or not needed,ok,,Apache,,2026-08-18
clarkcountymo.org,"Clark County, MO",open,allowed,200,bare,,ok or not needed,ok,,cloudflare,yes,2026-08-18
new-madrid.mo.us,"New Madrid County, MO",open,allowed,200,bare-http,,ok or not needed,ok,,,,2026-09-09
nodawaycountymo.us,"Nodaway County, MO",open,allowed,200,bare,,ok or not needed,ok,,Apache,,2026-08-18
warrencountymo.org,"Warren County, MO",open,allowed,200,bare,,ok or not needed,ok,,cloudflare,yes,2026-08-18
rallscountymo.gov,"Ralls County, MO",open,allowed,200,bare,,ok or not needed,ok,,LiteSpeed,,2026-08-18
gasconadecounty.org,"Gasconade County, MO",blocks basic request,allowed,403,bare,denied-403,ok or not needed,ok,Unknown platform on Google Cloud,nginx,,2026-08-19
livingstoncountymo.gov,"Livingston County, MO",open,allowed,200,bare,,ok or not needed,ok,,,,2026-08-17
sccmo.org,"Saint Charles County, MO",open,allowed,200,bare,,ok or not needed,ok,,CivicPlus,,2026-08-18
caldwellco.missouri.org,"Caldwell County, MO",open,allowed,200,bare,,ok or not needed,failed,,nginx,,2026-09-11
andrewcounty.org,"Andrew County, MO",open,allowed,200,bare,,ok or not needed,ok,,Flywheel,,2026-08-18
washingtoncountymo.us,"Washington County, MO",open,allowed,200,bare,,ok or not needed,ok,,LiteSpeed,,2026-08-18
adaircountymissouri.com,"Adair County, MO",open,allowed,200,bare,,ok or not needed,ok,,cloudflare,yes,2026-08-18
pemiscotcounty.org,"Pemiscot County, MO",open,allowed,200,bare,,ok or not needed,ok,,Apache,,2026-08-18
stlouis-mo.gov,"Saint Louis, MO",open,allowed,200,www,,ok or not needed,ok,,,,2026-08-27
greenecountymo.gov,"Greene County, MO",open,allowed,200,bare,,ok or not needed,ok,,cloudflare,yes,2026-08-19
colecounty.org,"Cole County, MO",open,allowed,200,bare,,ok or not needed,ok,,,,2026-08-18
mcmo.us,"Montgomery County, MO",open,allowed,200,bare-http,,ok or not needed,failed,,Apache,,2026-09-11
stoneco-mo.us,"Stone County, MO",open,allowed,200,bare,,ok or not needed,ok,,Microsoft-IIS,,2026-08-19
vernoncountymo.org,"Vernon County, MO",open,allowed,200,bare,,ok or not needed,ok,,cloudflare,yes,2026-08-18
pikecountymo.net,"Pike County, MO",open,allowed,200,bare,,ok or not needed,ok,,DPS,,2026-08-18
pettiscomo.gov,"Pettis County, MO",open,allowed,200,bare,,ok or not needed,ok,,Apache,,2026-09-09
stclaircomo.com,"St. Clair County, MO",blocks basic request,allowed,403,bare,cloudflare-challenge,ok or not needed,ok,CivicPlus (Cloudflare),cloudflare,yes,2026-08-24
randolphcounty-mo.com,"Randolph County, MO",open,allowed,200,bare,,ok or not needed,ok,,nginx,,2026-09-11
charitonco.com,"Chariton County, MO",open,allowed,200,bare,,ok or not needed,ok,,cloudflare,yes,2026-08-17
jocomo.gov,"Johnson County, MO",open,allowed,200,www,,ok or not needed,ok,,cloudflare,yes,2026-09-09
butlercountymo.com,"Butler County, MO",open,allowed,200,bare,,ok or not needed,ok,,Apache,,2026-08-18
phelpscounty.org,"Phelps County, MO",robots.txt exclusion,crawl-delay,200,bare,,ok or not needed,none,,Apache,,2026-07-19
marioncounty-mo.gov,"Marion County, MO",open,allowed,200,bare,,ok or not needed,ok,,nginx,,2026-09-09
scottcountymo.com,"Scott County, MO",open,allowed,200,bare,,ok or not needed,ok,,Apache,,2026-08-18
lafayettecountymo.gov,"Lafayette County, MO",open,allowed,200,bare,,ok or not needed,ok,,,,2026-08-19
sullivancounty.in.gov,"Sullivan County, IN",robots.txt exclusion,crawl-delay,200,bare,,ok or not needed,none,,nginx,,2026-07-19
madisoncountyfl.com,"Madison County, FL",open,allowed,200,bare,,ok or not needed,ok,,cloudflare,yes,2026-08-18
jacksoncountyfl.gov,"Jackson County, FL",open,allowed,200,bare,,ok or not needed,ok,,cloudflare,yes,2026-08-19
sjcfl.us,"Saint Johns County, FL",open,allowed,200,bare,,ok or not needed,ok,,nginx,,2026-09-13
mymanatee.org,"Manatee County, FL",open,allowed,200,bare,,ok or not needed,ok,,cloudflare,yes,2026-08-18
myokaloosa.com,"Okaloosa County, FL",open,allowed,200,bare,,ok or not needed,ok,,Microsoft-IIS,,2026-08-18
miamidade.gov,"Miami-Dade County, FL",open,allowed,200,www,,ok or not needed,ok,,cloudflare,yes,2026-08-18
libertycountyfl.org,"Liberty County, FL",open,allowed,200,bare,,ok or not needed,ok,,cloudflare,yes,2026-08-18
gulfcounty-fl.gov,"Gulf County, FL",open,allowed,200,bare,,ok or not needed,ok,,cloudflare,yes,2026-08-18
desotobocc.com,"DeSoto County, FL",open,allowed,200,bare,,ok or not needed,ok,,,,2026-08-19
stlucieco.gov,"Saint Lucie County, FL",blocks basic request and headless browser,allowed,403,bare,denied-403,blocked (403),ok,Granicus govAccess (Akamai),AkamaiGHost,,2026-08-24
gadsdencountyfl.gov,"Gadsden County, FL",blocks basic request and headless browser,allowed,403,bare,denied-403,blocked (403),ok,Granicus govAccess (Akamai),AkamaiGHost,,2026-08-24
martin.fl.us,"Martin County, FL",open,allowed,200,bare,,ok or not needed,ok,,nginx,,2026-08-18
lafayettecountyfl.org,"Lafayette County, FL",open,allowed,200,bare,,ok or not needed,ok,,cloudflare,yes,2026-08-19
hernandocounty.us,"Hernando County, FL",open,allowed,200,bare,,ok or not needed,ok,,,,2026-08-19
hcfl.gov,"Hillsborough County, FL",open,allowed,200,bare,,ok or not needed,ok,,Netlify,,2026-09-01
highlandsfl.gov,"Highlands County, FL",open,allowed,200,bare,,ok or not needed,ok,,,,2026-08-18
taylorcountygov.com,"Taylor County, FL",open,allowed,200,bare,,ok or not needed,ok,,,,2026-08-18
collier.gov,"Collier County, FL",open,allowed,200,www,,ok or not needed,ok,,,,2026-09-09
santarosa.fl.gov,"Santa Rosa County, FL",open,allowed,200,bare,,ok or not needed,ok,,Microsoft-IIS,,2026-08-18
pascocountyfl.gov,"Pasco County, FL",open,allowed,200,www,,ok or not needed,ok,,,,2026-09-09
putnam-fl.gov,"Putnam County, FL",open,allowed,200,www,,ok or not needed,ok,,openresty,,2026-09-09
dixiecounty.us,"Dixie County, FL",open,allowed,200,bare,,ok or not needed,ok,,cloudflare,yes,2026-08-18
indianriver.gov,"Indian River County, FL",open,allowed,200,bare,,ok or not needed,ok,,cloudflare,yes,2026-08-18
franklincountyflorida.com,"Franklin County, FL",open,allowed,200,bare,,ok or not needed,ok,,LiteSpeed,,2026-08-18
bradfordcountyfl.gov,"Bradford County, FL",open,allowed,200,bare,,ok or not needed,ok,,cloudflare,yes,2026-08-18
broward.org,"Broward County, FL",blocks basic request,allowed,403,www,cloudflare-challenge,ok or not needed,failed,Cloudflare (other sites),cloudflare,yes,2026-08-18
claycountygov.com,"Clay County, FL",blocks basic request,allowed,403,bare,denied-403,ok or not needed,none,Granicus govAccess (Akamai),AkamaiGHost,,2026-07-25
mywaltonfl.gov,"Walton County, FL",open,allowed,200,bare,,ok or not needed,ok,,cloudflare,yes,2026-08-18
mywakulla.com,"Wakulla County, FL",open,allowed,200,bare,,ok or not needed,ok,,cloudflare,yes,2026-08-19
baycountyfl.gov,"Bay County, FL",open,allowed,200,bare,,ok or not needed,ok,,,,2026-08-19
jacksonville.gov,"Duval County, FL",open,allowed,200,www,,ok or not needed,ok,,,,2026-08-27
nassaucountyfl.com,"Nassau County, FL",open,allowed,200,bare,,ok or not needed,ok,,cloudflare,yes,2026-08-18
levycounty.org,"Levy County, FL",open,allowed,200,bare,,ok or not needed,ok,,cloudflare,yes,2026-08-19
charlottecountyfl.gov,"Charlotte County, FL",open,allowed,200,www,,ok or not needed,ok,,cloudflare,yes,2026-08-26
marionfl.org,"Marion County, FL",blocks basic request and headless browser,allowed,403,bare,denied-403,blocked (403),ok,Granicus govAccess (Akamai),AkamaiGHost,,2026-08-24
leegov.com,"Lee County, FL",open,allowed,200,bare,,ok or not needed,ok,,,,2026-08-18
pinellas.gov,"Pinellas County, FL",open,allowed,200,bare,,ok or not needed,ok,,nginx,,2026-09-01
myglades.com,"Glades County, FL",robots.txt exclusion,disallowed,200,bare,,ok or not needed,none,,,,2026-07-19
suwanneecountyfl.gov,"Suwannee County, FL",open,allowed,200,bare,,error,ok,,cloudflare,yes,2026-08-18
jeffersoncountyfl.gov,"Jefferson County, FL",open,allowed,200,bare,,ok or not needed,ok,,cloudflare,yes,2026-08-19
columbiacountyfla.com,"Columbia County, FL",open,allowed,200,www,,ok or not needed,ok,,Microsoft-HTTPAPI,,2026-09-09
scgov.net,"Sarasota County, FL",blocks everything,allowed,403,www,denied-403,not reached,403,Granicus govAccess (Akamai),AkamaiGHost,,2026-09-09
bakercountyfl.org,"Baker County, FL",blocks basic request and headless browser,allowed,403,bare,cloudflare-challenge,blocked (403),ok,Cloudflare (other sites),cloudflare,yes,2026-08-24
cms.leoncountyfl.gov,"Leon County, FL",open,allowed,200,bare,,ok or not needed,ok,,,,2026-09-13
myescambia.com,"Escambia County, FL",open,allowed,200,bare,,ok or not needed,ok,,cloudflare,yes,2026-08-18
hardeecountyfl.gov,"Hardee County, FL",open,allowed,200,bare,,ok or not needed,ok,,nginx,,2026-08-18
alachuacounty.us,"Alachua County, FL",open,allowed,200,bare,,ok or not needed,ok,,Microsoft-IIS,,2026-08-18
citruscounty.gov,"Citrus County, FL",open,allowed,200,www,,ok or not needed,ok,,,,2026-09-09
gilchrist.fl.us,"Gilchrist County, FL",open,allowed,200,bare,,ok or not needed,ok,,cloudflare,yes,2026-08-18
hamiltoncountyfl.com,"Hamilton County, FL",open,allowed,200,bare,,ok or not needed,ok,,cloudflare,yes,2026-08-18
calhouncountyfl.gov,"Calhoun County, FL",open,allowed,200,bare,,ok or not needed,ok,,cloudflare,yes,2026-08-19
hendryfla.net,"Hendry County, FL",open,allowed,200,bare,,ok or not needed,ok,,,,2026-08-18
unioncounty-fl.gov,"Union County, FL",blocks basic request and headless browser,allowed,403,bare,denied-403,blocked (403),ok,Cloudflare (other sites),cloudflare,yes,2026-08-24
monroecounty-fl.gov,"Monroe County, FL",open,allowed,200,bare,,ok or not needed,ok,,,,2026-08-18
okeechobeecountyfl.gov,"Okeechobee County, FL",blocks basic request and headless browser,allowed,403,bare,denied-403,blocked (403),ok,Granicus govAccess (Akamai),AkamaiGHost,,2026-08-24
discover.pbc.gov,"Palm Beach County, FL",open,allowed,200,bare,,ok or not needed,ok,,Microsoft-IIS,,2026-08-18
flaglercounty.gov,"Flagler County, FL",open,allowed,200,www,,ok or not needed,ok,,,,2026-08-18
holmescountyfla.com,"Holmes County, FL",open,allowed,200,bare,,ok or not needed,ok,,,,2026-08-19
washingtonfl.com,"Washington County, FL",open,allowed,200,bare,,ok or not needed,ok,,LiteSpeed,,2026-08-16
sumtercountyfl.gov,"Sumter County, FL",open,allowed,200,bare,,ok or not needed,ok,,Microsoft-IIS,,2026-08-18
polkfl.gov,"Polk County, FL",open,allowed,200,www,,ok or not needed,ok,,cloudflare,yes,2026-09-09
flatheadcounty.gov,"Flathead County, MT",open,allowed,200,bare,,ok or not needed,ok,,cloudflare,yes,2026-08-18
glaciercountymt.gov,"Glacier County, MT",blocks everything,allowed,403,bare,denied-403,not reached,403,Unknown platform on Google Cloud,nginx,,2026-09-11
currituckcountync.gov,"Currituck County, NC",open,allowed,200,bare,,ok or not needed,ok,,cloudflare,yes,2026-08-18
darenc.gov,"Dare County, NC",blocks basic request and headless browser,allowed,403,bare,denied-403,blocked (403),ok,Granicus govAccess (Akamai),AkamaiGHost,,2026-08-24
hydecountync.gov,"Hyde County, NC",blocks basic request,allowed,403,bare,denied-403,ok or not needed,none,Cloudflare (other sites),cloudflare,yes,2026-07-15
hertfordcountync.gov,"Hertford County, NC",open,allowed,200,bare,,ok or not needed,ok,,,,2026-08-18
perquimanscountync.gov,"Perquimans County, NC",blocks basic request and headless browser,allowed,403,bare,denied-403,blocked (403),ok,Other,LiteSpeed,,2026-08-24
camdencountync.gov,"Camden County, NC",open,allowed,200,bare,,ok or not needed,ok,,cloudflare,yes,2026-08-18
gatescountync.gov,"Gates County, NC",robots.txt exclusion,disallowed,200,bare,,ok or not needed,none,,,,2026-07-19
pasquotankcountync.org,"Pasquotank County, NC",open,allowed,200,bare,,ok or not needed,ok,,Squarespace,,2026-08-19
co.bertie.nc.us,"Bertie County, NC",open,allowed,200,www-http,,ok or not needed,ok,,Microsoft-IIS,,2026-09-09
chowancounty-nc.gov,"Chowan County, NC",robots.txt exclusion,disallowed,200,bare,,ok or not needed,ok,,,,2026-08-14
sgcountymt.gov,"Sweet Grass County, MT",open,allowed,200,bare,,ok or not needed,ok,,nginx,,2026-08-18
parkcountymt.gov,"Park County, MT",open,allowed,200,www,,ok or not needed,ok,,Apache,,2026-09-09
gallatinmt.gov,"Gallatin County, MT",open,allowed,200,bare,,ok or not needed,ok,,Microsoft-IIS,,2026-09-13
fremontcountyid.gov,"Fremont County, ID",open,allowed,200,www,,ok or not needed,ok,,cloudflare,yes,2026-09-09
stillwatercountymt.gov,"Stillwater County, MT",open,allowed,200,bare,,ok or not needed,ok,,,,2026-09-13
prestoncountywv.gov,"Preston County, WV",open,allowed,200,bare,,ok or not needed,ok,,cloudflare,yes,2026-08-19
newcastlede.gov,"New Castle County, DE",open,allowed,200,bare,,ok or not needed,ok,,cloudflare,yes,2026-08-19
kentcountyde.gov,"Kent County, DE",open,allowed,200,www,,ok or not needed,ok,,,,2026-08-18
sussexcountyde.gov,"Sussex County, DE",open,allowed,200,bare,,ok or not needed,ok,,nginx,,2026-08-18
billingscountynd.gov,"Billings County, ND",open,allowed,200,bare,,ok or not needed,ok,,Microsoft-IIS,,2026-08-18
starkcountynd.gov,"Stark County, ND",robots.txt exclusion,disallowed,200,www,,error,ok,,,,2026-09-09
mckenziecountynd.gov,"McKenzie County, ND",open,allowed,200,bare,,ok or not needed,ok,,,,2026-08-18
dunncountynd.gov,"Dunn County, ND",robots.txt exclusion,disallowed,200,bare,,ok or not needed,ok,,,,2026-08-14
goldenvalleycounty.org,"Golden Valley County, ND",open,allowed,200,bare,,ok or not needed,ok,,Apache,,2026-08-19
slopecountynd.gov,"Slope County, ND",open,allowed,200,bare,,ok or not needed,ok,,,,2026-08-18
browncounty-in.gov,"Brown County, IN",open,allowed,200,bare,,ok or not needed,ok,,,,2026-08-19
bartholomew.in.gov,"Bartholomew County, IN",open,allowed,200,bare,,ok or not needed,ok,,Apache,,2026-08-18
jacksoncounty.in.gov,"Jackson County, IN",open,allowed,200,bare,,ok or not needed,ok,,,,2026-08-18
jenningscounty-in.gov,"Jennings County, IN",open,allowed,200,bare,,ok or not needed,failed,,DPS,,2026-09-11
decaturcounty.in.gov,"Decatur County, IN",blocks basic request,allowed,403,bare,denied-403,ok or not needed,ok,AWS CloudFront (other sites),CloudFront,,2026-08-19
santafecountynm.gov,"Santa Fe County, NM",open,allowed,200,bare,,ok or not needed,ok,,Apache,,2026-08-19
co.sanmiguel.nm.us,"San Miguel County, NM",open,allowed,200,bare,,ok or not needed,ok,,,,2026-08-18
countyofmora.com,"Mora County, NM",blocks basic request and headless browser,allowed,403,bare,cloudflare-challenge,blocked (403),ok,CivicPlus (Cloudflare),cloudflare,yes,2026-08-24
losalamosnm.gov,"Los Alamos County, NM",open,allowed,200,www,,ok or not needed,ok,,,,2026-09-09
sandovalcountynm.gov,"Sandoval County, NM",open,allowed,200,bare,,ok or not needed,ok,,Apache,,2026-08-19
co.pickens.sc.us,"Pickens County, SC",open,allowed,200,bare,,ok or not needed,ok,,,,2026-08-18
greenvillecounty.org,"Greenville County, SC",open,allowed,200,bare,,ok or not needed,ok,,Microsoft-IIS,,2026-08-19
spartanburgcounty.gov,"Spartanburg County, SC",open,allowed,200,www,,ok or not needed,ok,,cloudflare,yes,2026-09-09
laurenscountysc.gov,"Laurens County, SC",open,allowed,200,bare,,ok or not needed,ok,,,,2026-08-18
andersoncountysc.org,"Anderson County, SC",open,allowed,200,bare,,ok or not needed,ok,,nginx,,2026-08-18
whitesidecountyil.gov,"Whiteside County, IL",open,allowed,200,bare,,ok or not needed,ok,,,,2026-08-18
oconeesc.com,"Oconee County, SC",open,allowed,200,bare,,ok or not needed,ok,,"Please, Have A Great Day",,2026-08-18
maurycounty-tn.gov,"Maury County, TN",open,allowed,200,bare,,ok or not needed,ok,,Microsoft-IIS,,2026-08-18
kanecountyil.gov,"Kane County, IL",open,allowed,200,bare,,ok or not needed,ok,,Microsoft-IIS,,2026-08-18
saguachecounty.colorado.gov,"Saguache County, CO",blocks basic request and headless browser,allowed,403,bare,denied-403,blocked (403),ok,Colorado state platform (CloudFront),CloudFront,,2026-08-24
kitcarsoncounty.colorado.gov,"Kit Carson County, CO",blocks basic request and headless browser,allowed,403,bare,denied-403,blocked (403),ok,Colorado state platform (CloudFront),CloudFront,,2026-08-24
moffatcounty.colorado.gov,"Moffat County, CO",blocks basic request and headless browser,allowed,403,bare,denied-403,blocked (403),ok,Colorado state platform (CloudFront),CloudFront,,2026-08-24
archuletacounty.gov,"Archuleta County, CO",open,allowed,200,bare,,ok or not needed,ok,,LiteSpeed,,2026-08-18
huerfano.us,"Huerfano County, CO",open,allowed,200,bare,,ok or not needed,ok,,cloudflare,yes,2026-08-19
washingtoncounty.colorado.gov,"Washington County, CO",blocks basic request and headless browser,allowed,403,bare,denied-403,blocked (403),ok,Colorado state platform (CloudFront),CloudFront,,2026-08-24
elbertcounty-co.gov,"Elbert County, CO",open,allowed,200,bare,,ok or not needed,ok,,cloudflare,yes,2026-08-18
crowleycounty.colorado.gov,"Crowley County, CO",blocks basic request and headless browser,allowed,403,bare,denied-403,blocked (403),ok,Colorado state platform (CloudFront),CloudFront,,2026-08-24
broomfield.org,"Broomfield, CO",open,allowed,200,bare,,ok or not needed,ok,,,,2026-08-18
phillipscounty.colorado.gov,"Phillips County, CO",blocks basic request and headless browser,allowed,403,bare,denied-403,blocked (403),ok,Colorado state platform (CloudFront),CloudFront,,2026-08-24
larimer.gov,"Larimer County, CO",blocks basic request,allowed,403,bare,cloudflare-challenge,ok or not needed,ok,Cloudflare (other sites),cloudflare,yes,2026-08-19
morgancounty.colorado.gov,"Morgan County, CO",blocks basic request and headless browser,allowed,403,bare,denied-403,blocked (403),ok,Colorado state platform (CloudFront),CloudFront,,2026-08-24
riograndecounty.colorado.gov,"Rio Grande County, CO",blocks basic request and headless browser,allowed,403,bare,denied-403,blocked (403),ok,Colorado state platform (CloudFront),CloudFront,,2026-08-24
co.cheyenne.co.us,"Cheyenne County, CO",open,allowed,200,bare,,ok or not needed,ok,,Apache,,2026-08-18
jeffco.us,"Jefferson County, CO",open,allowed,200,bare,,ok or not needed,ok,,cloudflare,yes,2026-09-13
county.pueblo.org,"Pueblo County, CO",blocks basic request,allowed,403,bare,cloudflare-challenge,ok or not needed,ok,Cloudflare (other sites),cloudflare,yes,2026-08-18
lakecountyco.gov,"Lake County, CO",open,allowed,200,bare,,ok or not needed,ok,,,,2026-08-18
lincolncounty.colorado.gov,"Lincoln County, CO",blocks basic request and headless browser,allowed,403,bare,denied-403,blocked (403),ok,Colorado state platform (CloudFront),CloudFront,,2026-08-24
tellercounty.gov,"Teller County, CO",open,allowed,200,bare,,ok or not needed,ok,,,,2026-08-18
rbc.us,"Rio Blanco County, CO",open,allowed,200,bare,,ok or not needed,ok,,,,2026-09-12
gilpincounty.colorado.gov,"Gilpin County, CO",blocks basic request and headless browser,allowed,403,bare,denied-403,blocked (403),ok,Colorado state platform (CloudFront),CloudFront,,2026-08-24
weld.gov,"Weld County, CO",open,allowed,200,www,,ok or not needed,ok,,,,2026-08-18
elpasoco.com,"El Paso County, CO",open,allowed,200,bare,,ok or not needed,ok,,Apache,,2026-08-18
yumacounty.net,"Yuma County, CO",broken or unreachable,allowed,404,bare,,ok or not needed,none,,Apache,,2026-07-19
bouldercounty.gov,"Boulder County, CO",open,allowed,200,bare,,ok or not needed,ok,,Apache,,2026-08-18
douglas.co.us,"Douglas County, CO",robots.txt exclusion,crawl-delay,200,bare,,ok or not needed,none,,cloudflare,yes,2026-07-19
denvergov.org,"Denver, CO",open,allowed,200,bare,,ok or not needed,ok,,,,2026-08-26
garfieldcountyco.gov,"Garfield County, CO",open,allowed,200,bare,,ok or not needed,ok,,nginx,,2026-08-18
mesacounty.us,"Mesa County, CO",open,allowed,200,bare,,ok or not needed,ok,,,,2026-09-13
conejoscounty.colorado.gov,"Conejos County, CO",blocks basic request and headless browser,allowed,403,bare,denied-403,blocked (403),ok,Colorado state platform (CloudFront),CloudFront,,2026-08-24
oterocounty.colorado.gov,"Otero County, CO",blocks basic request and headless browser,allowed,403,bare,denied-403,blocked (403),ok,Colorado state platform (CloudFront),CloudFront,,2026-08-24
logancounty.colorado.gov,"Logan County, CO",blocks basic request and headless browser,allowed,403,bare,denied-403,blocked (403),ok,Cloudflare (other sites),CloudFront,yes,2026-08-24
ouraycountyco.gov,"Ouray County, CO",open,allowed,200,bare,,ok or not needed,ok,,,,2026-08-19
adamscountyco.gov,"Adams County, CO",open,allowed,200,bare,,ok or not needed,ok,,cloudflare,yes,2026-09-09
custercounty-co.gov,"Custer County, CO",open,allowed,200,bare,,ok or not needed,ok,,cloudflare,yes,2026-08-18
sedgwickcounty.colorado.gov,"Sedgwick County, CO",blocks basic request and headless browser,allowed,403,bare,denied-403,blocked (403),ok,Colorado state platform (CloudFront),CloudFront,,2026-08-24
fremontcountyco.gov,"Fremont County, CO",open,allowed,200,bare,,ok or not needed,ok,,Microsoft-IIS,,2026-08-18
alamosacounty.org,"Alamosa County, CO",open,allowed,200,bare,,ok or not needed,ok,,,,2026-08-18
arapahoeco.gov,"Arapahoe County, CO",robots.txt exclusion,disallowed,200,bare,,ok or not needed,none,,,,2026-07-19
eaglecounty.us,"Eagle County, CO",open,allowed,200,bare,,ok or not needed,ok,,,,2026-08-18
co.grand.co.us,"Grand County, CO",open,allowed,200,bare,,ok or not needed,ok,,,,2026-08-18
deltacountyco.gov,"Delta County, CO",open,allowed,200,bare,,ok or not needed,ok,,,,2026-08-19
sanmiguelcountyco.gov,"San Miguel County, CO",open,allowed,200,bare,,ok or not needed,ok,,Microsoft-IIS,,2026-08-19
daggettcounty.gov,"Daggett County, UT",open,allowed,200,www,,ok or not needed,ok,,,,2026-09-09
unionnm.us,"Union County, NM",open,allowed,200,bare,,ok or not needed,ok,,cloudflare,yes,2026-08-18
albanycountywy.gov,"Albany County, WY",open,allowed,200,bare,,ok or not needed,ok,,cloudflare,yes,2026-08-19
uintah.gov,"Uintah County, UT",open,allowed,200,bare,,ok or not needed,ok,,,,2026-08-18
laramiecountywy.gov,"Laramie County, WY",open,allowed,200,www,,ok or not needed,ok,,,,2026-08-18
rio-arriba.org,"Rio Arriba County, NM",open,allowed,200,www,,ok or not needed,ok,,,,2026-08-18
sweetwatercountywy.gov,"Sweetwater County, WY",open,allowed,200,bare,,ok or not needed,ok,,,,2026-08-19
deuelcountyne.gov,"Deuel County, NE",open,allowed,200,bare,,ok or not needed,ok,,nginx,,2026-08-19
cheyennecounty.nebraska.gov,"Cheyenne County, NE",open,allowed,200,bare,,ok or not needed,ok,,nginx,,2026-09-09
perkinscounty.ne.gov,"Perkins County, NE",open,allowed,200,bare,,ok or not needed,ok,,nginx,,2026-08-18
kimballcountyne.gov,"Kimball County, NE",open,allowed,200,bare,,ok or not needed,ok,,nginx,,2026-08-18
dundycounty.ne.gov,"Dundy County, NE",open,allowed,200,bare,,ok or not needed,ok,,nginx,,2026-09-09
chasecounty.nebraska.gov,"Chase County, NE",open,allowed,200,bare,,ok or not needed,ok,,nginx,,2026-08-19
bonnevillecountyidaho.gov,"Bonneville County, ID",open,allowed,200,bare,,ok or not needed,ok,,cloudflare,yes,2026-08-18
cariboucounty.us,"Caribou County, ID",open,allowed,200,bare,,ok or not needed,ok,,,,2026-09-11
richcounty.gov,"Rich County, UT",open,allowed,200,bare,,ok or not needed,ok,,Apache,,2026-08-18
bearlakecounty.info,"Bear Lake County, ID",open,allowed,200,bare,,ok or not needed,ok,,cloudflare,yes,2026-08-18
summitcountyutah.gov,"Summit County, UT",open,allowed,200,bare,,ok or not needed,ok,,cloudflare,yes,2026-08-19
saunderscounty.ne.gov,"Saunders County, NE",open,allowed,200,bare,,ok or not needed,ok,,nginx,,2026-08-18
garfieldcounty.ne.gov,"Garfield County, NE",open,allowed,200,bare,,ok or not needed,ok,,nginx,,2026-08-17
gregory.sdcounty.gov,"Gregory County, SD",open,allowed,200,www,,ok or not needed,ok,,,,2026-09-09
bannercountyne.gov,"Banner County, NE",open,allowed,200,bare,,ok or not needed,ok,,,,2026-08-18
nuckollscountyne.gov,"Nuckolls County, NE",open,allowed,200,bare,,ok or not needed,ok,,nginx,,2026-08-19
thomascountyne.gov,"Thomas County, NE",open,allowed,200,bare,,ok or not needed,ok,,nginx,,2026-08-18
loupcounty.nebraska.gov,"Loup County, NE",open,allowed,200,bare,,ok or not needed,ok,,nginx,,2026-08-19
thayercountyne.gov,"Thayer County, NE",open,allowed,200,bare,,ok or not needed,ok,,nginx,,2026-08-18
mcphersoncounty.ne.gov,"McPherson County, NE",open,allowed,200,bare,,ok or not needed,ok,,nginx,,2026-08-18
valleycountyne.gov,"Valley County, NE",open,allowed,200,bare,,ok or not needed,ok,,nginx,,2026-08-19
pawneecountyne.gov,"Pawnee County, NE",open,allowed,200,bare,,ok or not needed,ok,,nginx,,2026-08-18
sarpy.gov,"Sarpy County, NE",open,allowed,200,bare,,ok or not needed,ok,,cloudflare,yes,2026-08-19
butlercountyne.gov,"Butler County, NE",open,allowed,200,bare,,ok or not needed,ok,,nginx,,2026-08-18
oglalalakotacountysd.gov,"Oglala Lakota County, SD",open,allowed,200,bare,,ok or not needed,ok,,cloudflare,yes,2026-09-09
woodburycountyiowa.gov,"Woodbury County, IA",open,allowed,200,bare,,ok or not needed,ok,,Apache,,2026-08-18
frontiercounty.ne.gov,"Frontier County, NE",open,allowed,200,bare,,ok or not needed,ok,,nginx,,2026-08-18
cherrycountyne.gov,"Cherry County, NE",open,allowed,200,bare,,ok or not needed,ok,,nginx,,2026-08-18
nancecountyne.gov,"Nance County, NE",open,allowed,200,bare,,ok or not needed,ok,,nginx,,2026-08-18
blainecounty.nebraska.gov,"Blaine County, NE",open,allowed,200,bare,,ok or not needed,ok,,nginx,,2026-08-18
dawescounty.ne.gov,"Dawes County, NE",open,allowed,200,bare,,ok or not needed,ok,,Apache,,2026-09-12
siouxcountyne.gov,"Sioux County, NE",open,allowed,200,bare,,ok or not needed,ok,,nginx,,2026-08-19
jeffersoncounty.nebraska.gov,"Jefferson County, NE",open,allowed,200,bare,,ok or not needed,ok,,nginx,,2026-08-15
douglascounty-ne.gov,"Douglas County, NE",blocks basic request and headless browser,allowed,403,bare,denied-403,blocked (403),ok,Granicus govAccess (Akamai),AkamaiGHost,,2026-08-24
webstercounty.ne.gov,"Webster County, NE",open,allowed,200,bare,,ok or not needed,ok,,,,2026-08-18
burtcountyne.gov,"Burt County, NE",open,allowed,200,bare,,ok or not needed,ok,,nginx,,2026-08-18
harrisoncounty.iowa.gov,"Harrison County, IA",open,allowed,200,bare,,ok or not needed,ok,,UNKNOWN,,2026-09-12
scottsbluffcountyne.gov,"Scotts Bluff County, NE",open,allowed,200,bare,,ok or not needed,ok,,nginx,,2026-08-18
franklincountyne.gov,"Franklin County, NE",open,allowed,200,bare,,ok or not needed,ok,,nginx,,2026-08-18
redwillowcountyne.gov,"Red Willow County, NE",open,allowed,200,bare,,ok or not needed,ok,,nginx,,2026-08-18
fillmorecountyne.gov,"Fillmore County, NE",open,allowed,200,bare,,ok or not needed,ok,,nginx,,2026-08-18
gospercountyne.gov,"Gosper County, NE",open,allowed,200,bare,,ok or not needed,ok,,nginx,,2026-08-19
trippcounty.us,"Tripp County, SD",open,allowed,200,www,,ok or not needed,ok,,,,2026-08-18
fremontcountyia.gov,"Fremont County, IA",open,allowed,200,bare,,ok or not needed,ok,,Apache,,2026-08-18
pottcounty-ia.gov,"Pottawattamie County, IA",blocks basic request,allowed,403,bare,cloudflare-challenge,ok or not needed,ok,Cloudflare (other sites),cloudflare,yes,2026-08-18
merrickcounty.ne.gov,"Merrick County, NE",open,allowed,200,bare,,ok or not needed,ok,,nginx,,2026-08-18
knoxcountyne.gov,"Knox County, NE",open,allowed,200,bare,,ok or not needed,ok,,nginx,,2026-08-16
claycounty.ne.gov,"Clay County, NE",open,allowed,200,bare,,ok or not needed,ok,,nginx,,2026-08-18
adamscountyne.gov,"Adams County, NE",open,allowed,200,bare,,ok or not needed,ok,,Apache,,2026-08-18
richardsoncounty.ne.gov,"Richardson County, NE",open,allowed,200,bare,,ok or not needed,ok,,nginx,,2026-09-09
shermancounty.nebraska.gov,"Sherman County, NE",open,allowed,200,bare,,ok or not needed,ok,,nginx,,2026-08-18
phelpscounty.ne.gov,"Phelps County, NE",open,allowed,200,bare,,ok or not needed,ok,,,,2026-08-18
dodgecounty.nebraska.gov,"Dodge County, NE",open,allowed,200,bare,,ok or not needed,ok,,nginx,,2026-08-19
harlancounty.ne.gov,"Harlan County, NE",open,allowed,200,bare,,ok or not needed,ok,,nginx,,2026-08-18
sewardcountyne.gov,"Seward County, NE",open,allowed,200,bare,,ok or not needed,ok,,nginx,,2026-08-18
antelopecounty.nebraska.gov,"Antelope County, NE",open,allowed,200,bare,,ok or not needed,ok,,nginx,,2026-09-13
mononacountyiowa.gov,"Monona County, IA",open,allowed,200,bare,,ok or not needed,ok,,cloudflare,yes,2026-09-13
yorkcounty.ne.gov,"York County, NE",open,allowed,200,www,,ok or not needed,ok,,cloudflare,yes,2026-09-09
browncountyne.gov,"Brown County, NE",open,allowed,200,bare,,ok or not needed,ok,,cloudflare,yes,2026-08-18
hitchcockcounty.ne.gov,"Hitchcock County, NE",open,allowed,200,bare,,ok or not needed,ok,,,,2026-08-18
sheridancounty.ne.gov,"Sheridan County, NE",open,allowed,200,bare,,ok or not needed,ok,,,,2026-08-18
keyapahacountyne.gov,"Keya Paha County, NE",open,allowed,200,bare,,ok or not needed,ok,,,,2026-08-18
co.yankton.sd.us,"Yankton County, SD",open,allowed,200,bare-http,,ok or not needed,ok,,Microsoft-IIS,,2026-09-09
casscountyne.gov,"Cass County, NE",open,allowed,200,bare,,ok or not needed,ok,,Server,,2026-08-18
millscountyiowa.gov,"Mills County, IA",open,allowed,200,bare,,ok or not needed,ok,,Microsoft-IIS,,2026-08-19
gagecountyne.gov,"Gage County, NE",open,allowed,200,bare,,ok or not needed,ok,,nginx,,2026-08-18
otoecountyne.gov,"Otoe County, NE",open,allowed,200,bare,,ok or not needed,ok,,cloudflare,yes,2026-08-18
arthurcounty.nebraska.gov,"Arthur County, NE",open,allowed,200,bare,,ok or not needed,ok,,nginx,,2026-08-18
dakotacounty.ne.gov,"Dakota County, NE",open,allowed,200,bare,,ok or not needed,ok,,nginx,,2026-08-18
keithcountyne.gov,"Keith County, NE",open,allowed,200,bare,,ok or not needed,ok,,,,2026-08-19
morrillcountyne.gov,"Morrill County, NE",open,allowed,200,bare,,ok or not needed,ok,,DPS,,2026-09-13
dawsoncountyne.gov,"Dawson County, NE",open,allowed,200,bare,,ok or not needed,ok,,,,2026-08-18
boxbuttecountyne.gov,"Box Butte County, NE",open,allowed,200,bare,,ok or not needed,ok,,nginx,,2026-08-19
grantcountyne.gov,"Grant County, NE",open,allowed,200,bare,,ok or not needed,ok,,nginx,,2026-08-18
unioncountysd.gov,"Union County, SD",open,allowed,200,bare,,ok or not needed,ok,,cloudflare,yes,2026-09-09
rockcountyne.gov,"Rock County, NE",open,allowed,200,bare,,ok or not needed,ok,,nginx,,2026-08-19
washingtoncountyne.gov,"Washington County, NE",open,allowed,200,bare,,ok or not needed,ok,,Pepyaka,,2026-08-18
boonecountyne.gov,"Boone County, NE",open,allowed,200,bare,,ok or not needed,ok,,nginx,,2026-08-18
lancaster.ne.gov,"Lancaster County, NE",open,allowed,200,bare,,ok or not needed,ok,,cloudflare,yes,2026-08-18
salinecountyne.gov,"Saline County, NE",open,allowed,200,bare,,ok or not needed,ok,,nginx,,2026-08-18
colfaxcountyne.gov,"Colfax County, NE",open,allowed,200,bare,,ok or not needed,ok,,nginx,,2026-08-19
hamiltoncountyne.gov,"Hamilton County, NE",open,allowed,200,bare,,ok or not needed,ok,,nginx,,2026-08-19
holtcounty.nebraska.gov,"Holt County, NE",open,allowed,200,bare,,ok or not needed,ok,,nginx,,2026-09-13
wheelercounty.ne.gov,"Wheeler County, NE",open,allowed,200,bare,,ok or not needed,ok,,nginx,,2026-08-18
charlesmixcounty.gov,"Charles Mix County, SD",open,allowed,200,bare,,ok or not needed,ok,,cloudflare,yes,2026-08-16
claycountysd.org,"Clay County, SD",open,allowed,200,bare,,ok or not needed,ok,,Microsoft-IIS,,2026-08-19
dixoncountyne.gov,"Dixon County, NE",open,allowed,200,bare,,ok or not needed,ok,,nginx,,2026-09-11
logancounty.ne.gov,"Logan County, NE",open,allowed,200,bare,,ok or not needed,ok,,nginx,,2026-08-18
hayescounty.ne.gov,"Hayes County, NE",open,allowed,200,bare,,ok or not needed,ok,,,,2026-08-18
buffalocounty.ne.gov,"Buffalo County, NE",open,allowed,200,bare,,ok or not needed,ok,,,,2026-08-18
nemahacountyne.gov,"Nemaha County, NE",open,allowed,200,bare,,ok or not needed,ok,,nginx,,2026-08-18
furnascounty.ne.gov,"Furnas County, NE",open,allowed,200,bare,,ok or not needed,ok,,nginx,,2026-08-18
boydcounty.ne.gov,"Boyd County, NE",open,allowed,200,bare,,ok or not needed,ok,,nginx,,2026-08-19
thurstoncountyne.gov,"Thurston County, NE",open,allowed,200,bare,,ok or not needed,ok,,nginx,,2026-08-18
plattecounty.ne.gov,"Platte County, NE",open,allowed,200,bare,,ok or not needed,ok,,cloudflare,yes,2026-08-18
kearneycounty.ne.gov,"Kearney County, NE",open,allowed,200,bare,,ok or not needed,ok,,nginx,,2026-08-18
greeleycounty.ne.gov,"Greeley County, NE",open,allowed,200,bare,,ok or not needed,ok,,nginx,,2026-08-18
cedarcountyne.gov,"Cedar County, NE",open,allowed,200,bare,,ok or not needed,ok,,nginx,,2026-08-19
johnsoncounty.ne.gov,"Johnson County, NE",open,allowed,200,bare,,ok or not needed,ok,,cloudflare,yes,2026-09-11
lincolncountyne.gov,"Lincoln County, NE",open,allowed,200,bare,,ok or not needed,ok,,cloudflare,yes,2026-08-18
fallrivercountysd.gov,"Fall River County, SD",open,allowed,200,bare,,ok or not needed,ok,,cloudflare,yes,2026-09-09
hookercountyne.gov,"Hooker County, NE",open,allowed,200,bare,,ok or not needed,ok,,nginx,,2026-08-18
polkcounty.nebraska.gov,"Polk County, NE",open,allowed,200,bare,,ok or not needed,ok,,nginx,,2026-08-18
hallcountyne.gov,"Hall County, NE",open,allowed,200,bare,,ok or not needed,ok,,,,2026-08-19
howardcounty.ne.gov,"Howard County, NE",open,allowed,200,bare,,ok or not needed,ok,,nginx,,2026-09-13
gardencounty.ne.gov,"Garden County, NE",open,allowed,200,bare,,ok or not needed,ok,,nginx,,2026-08-19
cumingcountyne.gov,"Cuming County, NE",open,allowed,200,bare,,ok or not needed,ok,,Flywheel,,2026-09-13
custercountyne.gov,"Custer County, NE",open,allowed,200,bare,,ok or not needed,ok,,nginx,,2026-08-18
rensco.com,"Rensselaer County, NY",open,allowed,200,bare,,ok or not needed,ok,,,,2026-08-18
columbiacountyny.gov,"Columbia County, NY",open,allowed,200,www,,ok or not needed,ok,,cloudflare,yes,2026-09-09
dutchessny.gov,"Dutchess County, NY",open,allowed,200,bare,,ok or not needed,ok,,Microsoft-IIS,,2026-08-19
washingtoncountyny.gov,"Washington County, NY",open,allowed,200,bare,,ok or not needed,ok,,cloudflare,yes,2026-08-19
albanycountyny.gov,"Albany County, NY",open,allowed,200,bare,,ok or not needed,ok,,cloudflare,yes,2026-09-09
schenectadycountyny.gov,"Schenectady County, NY",open,allowed,200,bare,,ok or not needed,ok,,cloudflare,yes,2026-08-19
saratogacountyny.gov,"Saratoga County, NY",open,allowed,200,bare,,ok or not needed,ok,,Apache,,2026-08-19
co.putnam.in.us,"Putnam County, IN",open,allowed,200,bare,,ok or not needed,ok,,nginx,,2026-08-18
morgancounty.in.gov,"Morgan County, IN",robots.txt exclusion,crawl-delay,200,bare,,ok or not needed,none,,cloudflare,yes,2026-07-19
accomack.gov,"Accomack County, VA",open,allowed,200,www,,ok or not needed,ok,,cloudflare,yes,2026-09-09
johnsoncounty.in.gov,"Johnson County, IN",robots.txt exclusion,crawl-delay,200,bare,,ok or not needed,none,,nginx,,2026-07-19
ripleycounty.in.gov,"Ripley County, IN",open,allowed,200,bare,,ok or not needed,ok,,cloudflare,yes,2026-08-18
daviess.org,"Daviess County, IN",open,allowed,200,bare,,ok or not needed,ok,,cloudflare,yes,2026-08-18
lawrencecounty.in.gov,"Lawrence County, IN",open,allowed,200,bare,,ok or not needed,ok,,,,2026-08-18
gov.orangecounty59.us,"Orange County, IN",open,allowed,200,bare-http,,ok or not needed,ok,,Microsoft-IIS,,2026-09-09
duboiscountyin.org,"Dubois County, IN",open,allowed,200,bare,,ok or not needed,ok,,,,2026-09-11
washingtoncounty.in.gov,"Washington County, IN",robots.txt exclusion,disallowed,200,bare,,ok or not needed,ok,,,,2026-08-18
pikecounty.in.gov,"Pike County, IN",robots.txt exclusion,crawl-delay,200,bare,,ok or not needed,none,,cloudflare,yes,2026-07-19
scottcounty.in.gov,"Scott County, IN",open,allowed,200,bare,,ok or not needed,ok,,,,2026-08-18
knoxcounty.in.gov,"Knox County, IN",open,allowed,200,bare,,ok or not needed,ok,,cloudflare,yes,2026-08-18
tetoncountyidaho.gov,"Teton County, ID",open,allowed,200,bare,,ok or not needed,ok,,cloudflare,yes,2026-08-19
carbonmt.gov,"Carbon County, MT",open,allowed,200,bare,,ok or not needed,ok,,cloudflare,yes,2026-08-18
allencounty.in.gov,"Allen County, IN",open,allowed,200,bare,,ok or not needed,ok,,cloudflare,yes,2026-08-19
boundarycountyid.org,"Boundary County, ID",open,allowed,200,bare,,ok or not needed,ok,,Apache,,2026-08-19
lincolncountymt.us,"Lincoln County, MT",open,allowed,200,bare,,ok or not needed,ok,,nginx,,2026-08-19
bonnercountyid.gov,"Bonner County, ID",open,allowed,200,bare,,ok or not needed,ok,,nginx,,2026-08-18
kcgov.us,"Kootenai County, ID",open,allowed,200,bare,,ok or not needed,ok,,,,2026-08-18
shoshonecounty.id.gov,"Shoshone County, ID",open,allowed,200,bare,,ok or not needed,ok,,,,2026-08-18
mchenrycountyil.gov,"McHenry County, IL",blocks basic request and headless browser,allowed,403,bare,denied-403,blocked (403),ok,Granicus govAccess (Akamai),AkamaiGHost,,2026-08-24
mctx.org,"Montgomery County, TX",robots.txt exclusion,disallowed,200,bare,,ok or not needed,ok,,cloudflare,yes,2026-08-17
harriscountytx.gov,"Harris County, TX",open,allowed,200,www,,ok or not needed,ok,,cloudflare,yes,2026-08-27
co.liberty.tx.us,"Liberty County, TX",open,allowed,200,www,,ok or not needed,ok,,,,2026-08-18
chamberscountytx.gov,"Chambers County, TX",open,allowed,200,bare,,ok or not needed,ok,,,,2026-08-18
fortbendcountytx.gov,"Fort Bend County, TX",open,allowed,200,bare,,ok or not needed,ok,,cloudflare,yes,2026-08-18
galvestoncountytx.gov,"Galveston County, TX",blocks basic request and headless browser,allowed,403,bare,denied-403,blocked (403),ok,Granicus govAccess (Akamai),AkamaiGHost,,2026-08-24
brazoriacountytx.gov,"Brazoria County, TX",blocks basic request and headless browser,allowed,403,bare,denied-403,blocked (403),ok,Granicus govAccess (Akamai),AkamaiGHost,,2026-08-24
co.waller.tx.us,"Waller County, TX",open,allowed,200,www,,ok or not needed,ok,,,,2026-09-09
clinton-county.org,"Clinton County, MI",open,allowed,200,bare,,ok or not needed,ok,,,,2026-08-18
eatoncounty.org,"Eaton County, MI",open,allowed,200,bare,,ok or not needed,ok,,Microsoft-IIS,,2026-08-18
gtcountymi.gov,"Grand Traverse County, MI",open,allowed,200,bare,,ok or not needed,ok,,,,2026-08-18
leelanau.gov,"Leelanau County, MI",open,allowed,200,bare,,ok or not needed,ok,,,,2026-08-19
clarkecounty.gov,"Clarke County, VA",blocks basic request and headless browser,allowed,403,bare,denied-403,blocked (403),ok,Granicus govAccess (Akamai),AkamaiGHost,,2026-08-24
fauquiercounty.gov,"Fauquier County, VA",blocks everything,allowed,403,www,denied-403,not reached,403,Granicus govAccess (Akamai),AkamaiGHost,,2026-09-09
fcva.us,"Frederick County, VA",blocks basic request and headless browser,allowed,403,bare,denied-403,blocked (403),ok,Granicus govAccess (Akamai),AkamaiGHost,,2026-08-24
fredericksburgva.gov,"Fredericksburg, VA",open,allowed,200,bare,,ok or not needed,ok,,cloudflare,yes,2026-09-13
louisacounty.gov,"Louisa County, VA",open,allowed,200,bare,,ok or not needed,ok,,cloudflare,yes,2026-08-18
orangecountyva.gov,"Orange County, VA",open,allowed,200,bare,,ok or not needed,ok,,Microsoft-IIS,,2026-08-27
spotsylvania.va.us,"Spotsylvania County, VA",open,allowed,200,bare,,ok or not needed,ok,,cloudflare,yes,2026-08-18
warrencountyva.gov,"Warren County, VA",open,allowed,200,bare,,ok or not needed,ok,,,,2026-08-19
lamarcountytx.gov,"Lamar County, TX",open,allowed,200,www,,ok or not needed,ok,,cloudflare,yes,2026-09-09
co.fannin.tx.us,"Fannin County, TX",open,allowed,200,www,,ok or not needed,ok,,,,2026-08-18
co.grayson.tx.us,"Grayson County, TX",open,allowed,200,www,,ok or not needed,ok,,,,2026-09-09
lyoncounty.iowa.gov,"Lyon County, IA",open,allowed,200,bare,,ok or not needed,ok,,Apache,,2026-08-19
osceolacountyia.gov,"Osceola County, IA",blocks basic request,allowed,403,bare,denied-403,ok or not needed,ok,Unknown platform on Google Cloud,nginx,,2026-08-19
obriencounty.iowa.gov,"O'Brien County, IA",blocks basic request,allowed,403,bare,denied-403,ok or not needed,ok,Unknown platform on Google Cloud,nginx,,2026-08-18
paloaltocounty.iowa.gov,"Palo Alto County, IA",blocks everything,allowed,403,bare,denied-403,not reached,403,Unknown platform on Google Cloud,nginx,,2026-09-13
claycounty.iowa.gov,"Clay County, IA",open,allowed,200,bare,,ok or not needed,ok,,Microsoft-IIS,,2026-08-19
medinatx.gov,"Medina County, TX",open,allowed,200,www,,ok or not needed,ok,,,,2026-09-09
banderacounty.gov,"Bandera County, TX",open,allowed,200,www,,ok or not needed,ok,,,,2026-09-09
co.wilson.tx.us,"Wilson County, TX",open,allowed,200,www,,ok or not needed,ok,,,,2026-08-24
co.atascosa.tx.us,"Atascosa County, TX",open,allowed,200,bare,,ok or not needed,ok,,Apache,,2026-09-09
co.frio.tx.us,"Frio County, TX",open,allowed,200,bare,,ok or not needed,ok,,,,2026-08-18
adamscountynd.com,"Adams County, ND",open,allowed,200,bare,,ok or not needed,ok,,,,2026-08-19
beadlesd.org,"Beadle County, SD",open,allowed,200,bare,,ok or not needed,ok,,,,2026-08-18
bigstonecounty.gov,"Big Stone County, MN",open,allowed,200,bare,,ok or not needed,ok,,cloudflare,yes,2026-08-18
bowmannd.com,"Bowman County, ND",blocks basic request and headless browser,allowed,200,bare,,blocked (403),ok,Cloudflare (other sites),nginx,yes,2026-08-24
brookingscountysd.gov,"Brookings County, SD",open,allowed,200,bare,,ok or not needed,ok,,,,2026-08-19
brown.sd.us,"Brown County, SD",open,allowed,200,bare,,ok or not needed,ok,,LiteSpeed,,2026-08-18
brulecounty.gov,"Brule County, SD",open,allowed,200,bare,,ok or not needed,ok,,Pepyaka,,2026-08-18
buffalo.sdcounties.org,"Buffalo County, SD",open,allowed,200,bare,,ok or not needed,ok,,cloudflare,yes,2026-08-19
buttesd.gov,"Butte County, SD",open,allowed,200,www,,ok or not needed,ok,,,,2026-09-09
cartercountymt.gov,"Carter County, MT",open,allowed,200,www,,ok or not needed,ok,,,,2026-09-09
clark.sdcounties.org,"Clark County, SD",open,allowed,200,bare,,ok or not needed,ok,,cloudflare,yes,2026-08-18
codington.sdcounty.gov,"Codington County, SD",open,allowed,200,bare,,ok or not needed,ok,,Apache,,2026-09-09
corsoncountysd.gov,"Corson County, SD",open,allowed,200,bare,,ok or not needed,ok,,cloudflare,yes,2026-09-09
custercountysd.com,"Custer County, SD",open,allowed,200,bare,,ok or not needed,ok,,cloudflare,yes,2026-08-16
davisoncounty.org,"Davison County, SD",open,allowed,200,bare,,ok or not needed,ok,,cloudflare,yes,2026-08-18
day.sdcounties.org,"Day County, SD",open,allowed,200,bare,,ok or not needed,ok,,cloudflare,yes,2026-08-18
deuelcountysd.com,"Deuel County, SD",open,allowed,200,bare,,ok or not needed,ok,,Pepyaka,,2026-08-18
dewey.sdcounties.org,"Dewey County, SD",open,allowed,200,bare,,ok or not needed,ok,,cloudflare,yes,2026-08-18
dickeynd.com,"Dickey County, ND",open,allowed,200,bare,,ok or not needed,ok,,nginx,,2026-08-18
douglas.sdcounties.org,"Douglas County, SD",open,allowed,200,bare,,ok or not needed,ok,,cloudflare,yes,2026-08-18
edmunds.sdcounties.org,"Edmunds County, SD",open,allowed,200,bare,,ok or not needed,ok,,cloudflare,yes,2026-08-18
emmonsnd.com,"Emmons County, ND",open,allowed,200,bare,,ok or not needed,ok,,cloudflare,yes,2026-08-18
falloncountymt.gov,"Fallon County, MT",open,allowed,200,bare,,ok or not needed,ok,,cloudflare,yes,2026-08-18
grantcounty.sd.gov,"Grant County, SD",open,allowed,200,bare,,ok or not needed,ok,,Flywheel,,2026-08-18
hamlinco.us,"Hamlin County, SD",open,allowed,200,bare,,ok or not needed,ok,,DPS,,2026-08-19
handcountysd.gov,"Hand County, SD",open,allowed,200,bare,,ok or not needed,ok,,WPX CLOUD,,2026-09-09
hansoncountysd.gov,"Hanson County, SD",open,allowed,200,bare,,ok or not needed,ok,,cloudflare,yes,2026-08-18
hardingsd.net,"Harding County, SD",blocks basic request and headless browser,allowed,403,bare-http,denied-403,blocked (403),ok,Other,,,2026-09-09
hughescounty.org,"Hughes County, SD",open,allowed,200,bare,,ok or not needed,ok,,Microsoft-IIS,,2026-08-19
hutchinsoncountysd.gov,"Hutchinson County, SD",open,allowed,200,bare,,ok or not needed,ok,,,,2026-08-18
jerauldcountysd.com,"Jerauld County, SD",open,allowed,200,bare,,ok or not needed,ok,,cloudflare,yes,2026-08-18
kingsburycountysd.org,"Kingsbury County, SD",open,allowed,200,bare,,ok or not needed,ok,,WPX CLOUD,,2026-08-18
lake.sd.gov,"Lake County, SD",open,allowed,200,bare-http,,ok or not needed,ok,,Microsoft-IIS,,2026-09-09
lawrence.sd.us,"Lawrence County, SD",open,allowed,200,bare,,ok or not needed,ok,,Microsoft-IIS,,2026-08-19
co.lincoln.mn.us,"Lincoln County, MN",open,allowed,200,www,,ok or not needed,ok,,,,2026-09-09
lincolncountysd.gov,"Lincoln County, SD",open,allowed,200,bare,,ok or not needed,ok,,Microsoft-IIS,,2026-08-18
lymancounty.org,"Lyman County, SD",open,allowed,200,bare-http,,ok or not needed,ok,,Apache,,2026-09-09
marshall.sdcounties.org,"Marshall County, SD",open,allowed,200,bare,,ok or not needed,ok,,cloudflare,yes,2026-08-19
mccookcountysd.gov,"McCook County, SD",open,allowed,200,bare,,ok or not needed,ok,,WPX CLOUD,,2026-09-09
mcintoshnd.com,"McIntosh County, ND",open,allowed,200,bare,,ok or not needed,ok,,Microsoft-IIS,,2026-08-18
mcpherson.sdcounty.gov,"McPherson County, SD",open,allowed,200,bare,,ok or not needed,ok,,WPX CLOUD,,2026-09-10
meadecounty.org,"Meade County, SD",open,allowed,200,bare,,ok or not needed,ok,,Squarespace,,2026-09-11
mellette.sdcounty.gov,"Mellette County, SD",open,allowed,200,bare,,ok or not needed,ok,,WPX CLOUD,,2026-09-09
miner.sdcounty.gov,"Miner County, SD",open,allowed,200,bare,,ok or not needed,ok,,Microsoft-IIS,,2026-09-09
minnehahacounty.gov,"Minnehaha County, SD",blocks basic request,allowed,403,bare,denied-403,ok or not needed,ok,Unknown platform on Google Cloud,nginx,,2026-08-18
moodycounty.net,"Moody County, SD",open,allowed,200,bare,,ok or not needed,ok,,cloudflare,yes,2026-08-18
pennco.org,"Pennington County, SD",open,allowed,200,bare,,ok or not needed,ok,,,,2026-08-18
perkinscounty.org,"Perkins County, SD",open,allowed,200,bare,,ok or not needed,ok,,Pepyaka,,2026-08-18
pipestone-county.com,"Pipestone County, MN",open,allowed,200,bare,,ok or not needed,ok,,,,2026-08-19
plymouthcountyiowa.gov,"Plymouth County, IA",blocks basic request,allowed,403,bare,denied-403,ok or not needed,ok,Unknown platform on Google Cloud,nginx,,2026-08-17
co.richland.nd.us,"Richland County, ND",open,allowed,200,www,,ok or not needed,ok,,Microsoft-IIS,,2026-09-09
robertscosd.gov,"Roberts County, SD",open,allowed,200,bare,,ok or not needed,ok,,cloudflare,yes,2026-08-18
co.rock.mn.us,"Rock County, MN",open,allowed,200,www,,ok or not needed,ok,,,,2026-09-09
sargentnd.com,"Sargent County, ND",open,allowed,200,bare,,ok or not needed,ok,,nginx,,2026-08-18
spinkcounty-sd.org,"Spink County, SD",open,allowed,200,bare,,ok or not needed,ok,,Apache,,2026-08-18
stanleycountysd.gov,"Stanley County, SD",open,allowed,200,bare,,ok or not needed,ok,,WPX CLOUD,,2026-09-09
sully.sdcounty.gov,"Sully County, SD",open,allowed,200,bare,,ok or not needed,ok,,Microsoft-IIS,,2026-09-09
traversecountymn.gov,"Traverse County, MN",open,allowed,200,bare,,ok or not needed,ok,,Apache,,2026-09-09
turner.sdcounties.org,"Turner County, SD",open,allowed,200,bare,,ok or not needed,ok,,cloudflare,yes,2026-08-18
walworthco.org,"Walworth County, SD",open,allowed,200,bare,,ok or not needed,ok,,cloudflare,yes,2026-08-18
co.ym.mn.gov,"Yellow Medicine County, MN",robots.txt exclusion,disallowed,200,bare,,ok or not needed,none,,,,2026-07-19
ziebachcounty.org,"Ziebach County, SD",open,allowed,200,bare,,ok or not needed,ok,,DPS,,2026-08-18
barnescounty.us,"Barnes County, ND",open,allowed,200,bare,,ok or not needed,ok,,Microsoft-IIS,,2026-08-18
bensoncountynd.com,"Benson County, ND",open,allowed,200,bare,,ok or not needed,ok,,Pepyaka,,2026-08-18
bottineauco.com,"Bottineau County, ND",open,allowed,200,bare,,ok or not needed,ok,,cloudflare,yes,2026-08-18
burkecountynd.com,"Burke County, ND",open,allowed,200,bare,,ok or not needed,ok,,Squarespace,,2026-08-18
burleigh.gov,"Burleigh County, ND",open,allowed,200,bare,,ok or not needed,ok,,,,2026-08-19
casscountynd.gov,"Cass County, ND",blocks basic request and headless browser,allowed,403,bare,denied-403,blocked (403),ok,Granicus govAccess (Akamai),AkamaiGHost,,2026-08-24
cavaliercounty.us,"Cavalier County, ND",open,allowed,200,bare,,ok or not needed,ok,,cloudflare,yes,2026-08-18
claycountymn.gov,"Clay County, MN",open,allowed,200,bare,,ok or not needed,ok,,,,2026-08-18
dividecountynd.org,"Divide County, ND",open,allowed,200,bare,,ok or not needed,ok,,cloudflare,yes,2026-09-12
eddycountynd.org,"Eddy County, ND",open,allowed,200,bare,,ok or not needed,ok,,Apache,,2026-08-18
fostercounty.com,"Foster County, ND",open,allowed,200,bare,,ok or not needed,ok,,nginx,,2026-08-18
gfcounty.nd.gov,"Grand Forks County, ND",blocks basic request and headless browser,allowed,403,bare,denied-403,blocked (403),ok,Granicus govAccess (Akamai),AkamaiGHost,,2026-08-24
grantcountynd.com,"Grant County, ND",open,allowed,200,bare,,ok or not needed,ok,,,,2026-08-19
griggscountynd.gov,"Griggs County, ND",open,allowed,200,www,,ok or not needed,ok,,Apache,,2026-09-09
hettingercountynd.com,"Hettinger County, ND",open,allowed,200,bare,,ok or not needed,ok,,,,2026-08-17
co.kittson.mn.us,"Kittson County, MN",open,allowed,200,bare,,ok or not needed,ok,,,,2026-08-18
lamourecountynd.com,"LaMoure County, ND",open,allowed,200,bare,,ok or not needed,ok,,nginx,,2026-08-18
logancountynd.com,"Logan County, ND",broken or unreachable,allowed,error,bare,,ok or not needed,ok,,,,2026-09-11
marshallcountymn.gov,"Marshall County, MN",open,allowed,200,www,,ok or not needed,ok,,,,2026-09-09
mchenrycountynd.gov,"McHenry County, ND",open,allowed,200,www,,ok or not needed,ok,,Apache,,2026-09-09
mcleancountynd.gov,"McLean County, ND",open,allowed,200,bare,,ok or not needed,ok,,Apache,,2026-08-19
mercercountynd.com,"Mercer County, ND",open,allowed,200,bare,,ok or not needed,ok,,Apache,,2026-08-18
mortonnd.gov,"Morton County, ND",robots.txt exclusion,disallowed,200,bare,,ok or not needed,none,,,,2026-07-19
co.mountrail.nd.us,"Mountrail County, ND",broken or unreachable,allowed,500,www,,ok or not needed,ok,,Microsoft-IIS,,2026-09-09
nelsonco.org,"Nelson County, ND",open,allowed,200,bare,,ok or not needed,ok,,,,2026-08-16
normanmn.gov,"Norman County, MN",open,allowed,200,www,,ok or not needed,ok,,,,2026-09-11
olivercountynd.org,"Oliver County, ND",robots.txt exclusion,disallowed,200,bare,,ok or not needed,none,,,,2026-07-19
pembinacountynd.gov,"Pembina County, ND",open,allowed,200,bare,,ok or not needed,ok,,Apache,,2026-08-18
co.pennington.mn.us,"Pennington County, MN",open,allowed,200,bare,,ok or not needed,ok,,Apache,,2026-08-18
piercecountynd.gov,"Pierce County, ND",open,allowed,200,bare,,ok or not needed,ok,,Apache,,2026-08-18
polkcountymn.gov,"Polk County, MN",open,allowed,200,bare,,ok or not needed,ok,,cloudflare,yes,2026-08-18
ramseycountynd.gov,"Ramsey County, ND",open,allowed,200,bare,,ok or not needed,ok,,Microsoft-IIS,,2026-08-19
ransomcountynd.net,"Ransom County, ND",open,allowed,200,bare,,ok or not needed,ok,,nginx,,2026-08-18
redlakecounty.gov,"Red Lake County, MN",open,allowed,200,bare,,ok or not needed,ok,,,,2026-09-11
renvillecountynd.org,"Renville County, ND",open,allowed,200,bare,,ok or not needed,ok,,Apache mod_bwlimited,,2026-08-19
richland.org,"Richland County, MT",open,allowed,200,bare,,ok or not needed,ok,,cloudflare,yes,2026-08-19
rolettecountynd.gov,"Rolette County, ND",open,allowed,200,bare,,ok or not needed,ok,,openresty,,2026-08-19
rooseveltcountymt.gov,"Roosevelt County, MT",open,allowed,200,bare,,ok or not needed,ok,,Apache,,2026-08-18
sheridancountymt.gov,"Sheridan County, MT",open,allowed,200,bare,,ok or not needed,ok,,,,2026-08-18
co.sheridan.nd.us,"Sheridan County, ND",open,allowed,200,www,,ok or not needed,ok,,Apache,,2026-09-09
steelecountynd.gov,"Steele County, ND",robots.txt exclusion,disallowed,200,bare,,ok or not needed,ok,,,,2026-08-16
stutsmancounty.gov,"Stutsman County, ND",open,allowed,200,bare,,ok or not needed,ok,,Microsoft-IIS,,2026-08-19
tccounty.com,"Towner County, ND",open,allowed,200,bare,,ok or not needed,ok,,cloudflare,yes,2026-08-19
co.traill.nd.us,"Traill County, ND",open,allowed,200,www,,ok or not needed,ok,,,,2026-09-09
walshcountynd.com,"Walsh County, ND",open,allowed,200,bare,,ok or not needed,ok,,,,2026-08-18
co.ward.nd.us,"Ward County, ND",open,allowed,200,www,,ok or not needed,ok,,Microsoft-IIS,,2026-09-09
wellscountynd.com,"Wells County, ND",open,allowed,200,bare,,ok or not needed,ok,,Apache,,2026-08-19
wilkincounty.gov,"Wilkin County, MN",robots.txt exclusion,disallowed,200,bare,,ok or not needed,none,,,,2026-07-19
williamsnd.com,"Williams County, ND",open,allowed,200,bare,,ok or not needed,ok,,,,2026-08-18
blainecounty-mt.gov,"Blaine County, MT",open,allowed,200,bare,,ok or not needed,ok,,nginx,,2026-08-18
broadwatercountymt.gov,"Broadwater County, MT",open,allowed,200,bare,,ok or not needed,ok,,,,2026-08-18
cascadecountymt.gov,"Cascade County, MT",open,allowed,200,bare,,ok or not needed,ok,,cloudflare,yes,2026-08-18
co.chouteau.mt.us,"Chouteau County, MT",open,allowed,200,bare,,ok or not needed,ok,,Apache,,2026-08-17
custercountymt.gov,"Custer County, MT",open,allowed,200,bare,,ok or not needed,ok,,cloudflare,yes,2026-08-18
danielscountymt.gov,"Daniels County, MT",open,allowed,200,bare,,ok or not needed,ok,,Squarespace,,2026-08-18
dawsonmt.gov,"Dawson County, MT",robots.txt exclusion,disallowed,200,bare,,ok or not needed,none,,,,2026-07-19
fergusmt.gov,"Fergus County, MT",open,allowed,200,bare,,ok or not needed,ok,,Apache,,2026-08-19
garfieldcountymt.gov,"Garfield County, MT",open,allowed,200,bare,,ok or not needed,ok,,,,2026-08-18
goldenvalleycountymt.org,"Golden Valley County, MT",open,allowed,200,bare,,ok or not needed,ok,,Squarespace,,2026-08-18
granitecountymt.us,"Granite County, MT",open,allowed,200,bare,,ok or not needed,ok,,cloudflare,yes,2026-09-09
hillcounty.us,"Hill County, MT",open,allowed,200,bare,,ok or not needed,ok,,,,2026-08-19
jeffersoncounty-mt.gov,"Jefferson County, MT",open,allowed,200,bare,,ok or not needed,ok,,nginx,,2026-09-13
jbcountymt.gov,"Judith Basin County, MT",open,allowed,200,bare,,ok or not needed,ok,,cloudflare,yes,2026-08-18
lakemt.gov,"Lake County, MT",open,allowed,200,www,,ok or not needed,ok,,,,2026-09-09
lccountymt.gov,"Lewis and Clark County, MT",open,allowed,200,www,,ok or not needed,ok,,,,2026-08-18
libertycountymt.gov,"Liberty County, MT",open,allowed,200,bare,,ok or not needed,ok,,cloudflare,yes,2026-08-18
madisoncountymt.gov,"Madison County, MT",open,allowed,200,bare,,ok or not needed,ok,,,,2026-08-18
mcconecountymt.gov,"McCone County, MT",open,allowed,200,bare,,ok or not needed,ok,,Apache,,2026-09-09
meagherco.com,"Meagher County, MT",open,allowed,200,bare,,ok or not needed,ok,,Apache,,2026-08-18
missoulacounty.gov,"Missoula County, MT",open,allowed,200,www,,ok or not needed,ok,,cloudflare,yes,2026-09-09
musselshellcounty.org,"Musselshell County, MT",blocks everything,allowed,403,bare,denied-403,not reached,403,Other,Apache,,2026-08-18
petroleumcountymt.org,"Petroleum County, MT",open,allowed,200,bare,,ok or not needed,ok,,Flywheel,,2026-08-18
ponderacountymt.gov,"Pondera County, MT",open,allowed,200,www,,ok or not needed,ok,,cloudflare,yes,2026-09-09
prco.mt.gov,"Powder River County, MT",open,allowed,200,bare,,ok or not needed,ok,,,,2026-08-17
powellcountymt.gov,"Powell County, MT",blocks basic request and headless browser,allowed,403,bare,cloudflare-challenge,blocked (403),ok,CivicPlus (Cloudflare),cloudflare,yes,2026-08-24
prairiecounty.org,"Prairie County, MT",open,allowed,200,bare,,ok or not needed,ok,,Apache,,2026-08-18
ravallicounty.gov,"Ravalli County, MT",open,allowed,200,bare,,ok or not needed,ok,,cloudflare,yes,2026-09-09
rosebudcountymt.gov,"Rosebud County, MT",open,allowed,200,bare,,ok or not needed,ok,,Flywheel,,2026-08-19
co.sanders.mt.us,"Sanders County, MT",open,allowed,200,bare,,ok or not needed,ok,,,,2026-09-13
co.silverbow.mt.us,"Silver Bow County, MT",open,allowed,200,bare,,ok or not needed,ok,,Microsoft-IIS,,2026-08-18
tetoncountymt.gov,"Teton County, MT",open,allowed,200,bare,,ok or not needed,ok,,cloudflare,yes,2026-08-18
toolecountymt.gov,"Toole County, MT",open,allowed,200,bare,,ok or not needed,ok,,Apache,,2026-08-18
treasurecountymt.gov,"Treasure County, MT",open,allowed,200,bare,,ok or not needed,ok,,Pepyaka,,2026-08-18
valleycountymt.gov,"Valley County, MT",open,allowed,200,www,,ok or not needed,ok,,,,2026-09-09
wheatlandcomt.gov,"Wheatland County, MT",open,allowed,200,bare,,ok or not needed,ok,,nginx,,2026-08-19
yellowstonecountymt.gov,"Yellowstone County, MT",open,allowed,200,bare,,ok or not needed,ok,,,,2026-08-18
adacounty.id.gov,"Ada County, ID",blocks everything,allowed,403,bare,denied-403,not reached,403,Cloudflare (other sites),cloudflare,yes,2026-08-24
co.adams.id.us,"Adams County, ID",open,allowed,200,bare,,ok or not needed,ok,,cloudflare,yes,2026-08-18
bannockcounty.gov,"Bannock County, ID",open,allowed,200,bare,,ok or not needed,ok,,cloudflare,yes,2026-08-18
benewahcountyid.gov,"Benewah County, ID",open,allowed,200,bare,,ok or not needed,ok,,cloudflare,yes,2026-08-18
binghamid.gov,"Bingham County, ID",open,allowed,200,bare,,ok or not needed,ok,,nginx,,2026-08-18
blainecountyid.gov,"Blaine County, ID",open,allowed,200,www,,ok or not needed,ok,,cloudflare,yes,2026-09-09
boxeldercountyut.gov,"Box Elder County, UT",open,allowed,200,bare,,ok or not needed,ok,,cloudflare,yes,2026-08-19
buttecountyid.us,"Butte County, ID",blocks everything,allowed,403,bare,denied-403,not reached,403,Unknown platform on Google Cloud,nginx,,2026-09-11
cachecounty.gov,"Cache County, UT",open,allowed,200,bare,,ok or not needed,ok,,cloudflare,yes,2026-09-11
camascounty.id.gov,"Camas County, ID",open,allowed,200,bare,,ok or not needed,ok,,Apache,,2026-08-18
canyoncounty.id.gov,"Canyon County, ID",open,allowed,200,www,,ok or not needed,ok,,Apache,,2026-09-09
cassia.gov,"Cassia County, ID",open,allowed,200,bare,,ok or not needed,ok,,nginx,,2026-08-18
clark-co.id.gov,"Clark County, ID",open,allowed,200,bare,,ok or not needed,ok,,cloudflare,yes,2026-08-19
clearwatercounty.org,"Clearwater County, ID",open,allowed,200,bare,,ok or not needed,ok,,,,2026-08-18
boisecounty.us,"Boise County, ID",blocks basic request and headless browser,allowed,403,bare,cloudflare-challenge,blocked (403),ok,Cloudflare (other sites),cloudflare,yes,2026-08-24
custercountyidaho.org,"Custer County, ID",open,allowed,200,bare,,ok or not needed,ok,,LiteSpeed,,2026-08-18
elmorecounty.org,"Elmore County, ID",open,allowed,200,bare,,ok or not needed,ok,,cloudflare,yes,2026-08-18
franklincountyidaho.org,"Franklin County, ID",open,allowed,200,bare,,ok or not needed,ok,,,,2026-09-11
gemcounty.org,"Gem County, ID",open,allowed,200,bare,,ok or not needed,ok,,,,2026-08-18
goodingcounty.org,"Gooding County, ID",open,allowed,200,bare,,ok or not needed,ok,,,,2026-08-18
idahocounty.org,"Idaho County, ID",open,allowed,200,bare,,ok or not needed,ok,,nginx,,2026-08-18
jcgov.us,"Jefferson County, ID",open,allowed,200,bare,,ok or not needed,ok,,,,2026-08-15
jeromecountyid.us,"Jerome County, ID",open,allowed,200,bare,,ok or not needed,ok,,,,2026-08-16
latahcountyid.gov,"Latah County, ID",open,allowed,200,bare,,ok or not needed,ok,,Netlify,,2026-08-18
lemhicountyidaho.org,"Lemhi County, ID",open,allowed,200,bare,,ok or not needed,ok,,,,2026-08-18
lewiscountyid.us,"Lewis County, ID",open,allowed,200,bare-http,,ok or not needed,ok,,,,2026-09-09
lincolncountyid.gov,"Lincoln County, ID",blocks basic request and headless browser,allowed,403,bare,cloudflare-challenge,blocked (403),ok,Cloudflare (other sites),cloudflare,yes,2026-08-24
madisoncountyid.gov,"Madison County, ID",open,allowed,200,www,,ok or not needed,ok,,cloudflare,yes,2026-09-09
minidoka.id.us,"Minidoka County, ID",open,allowed,200,bare,,ok or not needed,ok,,,,2026-08-19
co.nezperce.id.us,"Nez Perce County, ID",open,allowed,200,bare,,ok or not needed,ok,,,,2026-09-11
oneidaid.us,"Oneida County, ID",robots.txt exclusion,disallowed,200,bare,,ok or not needed,none,,,,2026-07-19
owyheecounty.net,"Owyhee County, ID",open,allowed,200,bare,,ok or not needed,ok,,cloudflare,yes,2026-08-18
payettecounty.org,"Payette County, ID",blocks basic request,allowed,403,bare,denied-403,ok or not needed,ok,Cloudflare (other sites),cloudflare,yes,2026-08-24
powercounty.gov,"Power County, ID",open,allowed,200,www,,ok or not needed,ok,,cloudflare,yes,2026-09-09
twinfallscounty.org,"Twin Falls County, ID",open,allowed,200,bare,,ok or not needed,ok,,cloudflare,yes,2026-08-18
co.valley.id.us,"Valley County, ID",open,allowed,200,bare,,ok or not needed,ok,,nginx,,2026-08-18
co.washington.id.us,"Washington County, ID",open,allowed,200,bare,,ok or not needed,ok,,,,2026-08-18
beaver.utah.gov,"Beaver County, UT",open,allowed,200,bare,,ok or not needed,ok,,,,2026-08-18
carbon.utah.gov,"Carbon County, UT",open,allowed,200,bare,,ok or not needed,ok,,openresty,,2026-08-18
daviscountyutah.gov,"Davis County, UT",open,allowed,200,www,,ok or not needed,ok,,volt-adc,,2026-08-18
duchesne.utah.gov,"Duchesne County, UT",open,allowed,200,bare,,ok or not needed,ok,,Apache,,2026-08-18
emery.utah.gov,"Emery County, UT",open,allowed,200,bare,,ok or not needed,ok,,Apache,,2026-08-18
garfield.utah.gov,"Garfield County, UT",open,allowed,200,www,,ok or not needed,ok,,,,2026-08-18
ironcountyut.gov,"Iron County, UT",open,allowed,200,bare,,ok or not needed,ok,,cloudflare,yes,2026-08-18
juabcounty.gov,"Juab County, UT",open,allowed,200,bare,,ok or not needed,ok,,nginx,,2026-08-19
kane.utah.gov,"Kane County, UT",open,allowed,200,bare,,ok or not needed,ok,,,,2026-08-19
millardcounty.gov,"Millard County, UT",open,allowed,200,bare,,ok or not needed,ok,,cloudflare,yes,2026-08-16
morgancountyutah.gov,"Morgan County, UT",open,allowed,200,www,,ok or not needed,ok,,nginx,,2026-09-09
piute.gov,"Piute County, UT",open,allowed,200,bare,,ok or not needed,ok,,Apache,,2026-09-09
saltlakecounty.gov,"Salt Lake County, UT",open,allowed,200,bare,,ok or not needed,ok,,cloudflare,yes,2026-08-19
sanpetecountyutah.gov,"Sanpete County, UT",open,allowed,200,www,,ok or not needed,ok,,cloudflare,yes,2026-09-09
sevier.utah.gov,"Sevier County, UT",open,allowed,200,bare,,ok or not needed,ok,,,,2026-08-19
tooeleco.gov,"Tooele County, UT",open,allowed,200,bare,,ok or not needed,ok,,,,2026-08-18
utahcounty.gov,"Utah County, UT",open,allowed,200,bare,,ok or not needed,ok,,nginx,,2026-08-19
wasatchcounty.gov,"Wasatch County, UT",open,allowed,200,bare,,ok or not needed,ok,,cloudflare,yes,2026-08-18
washco.utah.gov,"Washington County, UT",blocks basic request and headless browser,allowed,403,bare,denied-403,blocked (403),ok,Other,Apache,,2026-08-24
webercountyutah.gov,"Weber County, UT",open,allowed,200,bare,,ok or not needed,ok,,Apache,,2026-08-18
jasperia.org,"Jasper County, IA",open,allowed,200,bare,,ok or not needed,ok,,Apache,,2026-08-18
polkcountyiowa.gov,"Polk County, IA",blocks basic request and headless browser,allowed,403,bare,denied-403,blocked (403),ok,Granicus govAccess (Akamai),AkamaiGHost,,2026-08-24
marioncountyiowa.gov,"Marion County, IA",open,allowed,200,bare,,ok or not needed,ok,,Apache,,2026-08-18
warrencountyia.gov,"Warren County, IA",open,allowed,200,bare,,ok or not needed,ok,,cloudflare,yes,2026-08-18
boonecounty.iowa.gov,"Boone County, IA",open,allowed,200,bare,,ok or not needed,ok,,Apache,,2026-08-18
dallascountyiowa.gov,"Dallas County, IA",open,allowed,200,bare,,ok or not needed,ok,,,,2026-08-19
storycountyiowa.gov,"Story County, IA",open,allowed,200,bare,,ok or not needed,ok,,cloudflare,yes,2026-08-18
buenavistacounty.iowa.gov,"Buena Vista County, IA",open,allowed,200,bare,,ok or not needed,ok,,Apache,,2026-08-18
calhouncounty.iowa.gov,"Calhoun County, IA",open,allowed,200,bare,,ok or not needed,ok,,,,2026-08-18
cherokeecounty.iowa.gov,"Cherokee County, IA",robots.txt exclusion,disallowed,200,bare,,ok or not needed,none,,,,2026-07-19
idacounty.iowa.gov,"Ida County, IA",open,allowed,200,bare,,ok or not needed,ok,,nginx,,2026-08-19
pocahontascounty.iowa.gov,"Pocahontas County, IA",blocks basic request and headless browser,allowed,403,bare,denied-403,blocked (403),ok,Other,Apache,,2026-08-24
saccountyiowa.gov,"Sac County, IA",open,allowed,200,bare,,ok or not needed,ok,,cloudflare,yes,2026-08-18
siouxcountyia.gov,"Sioux County, IA",blocks basic request,allowed,403,bare,denied-403,ok or not needed,ok,Cloudflare (other sites),cloudflare,yes,2026-08-18
marshallcountyia.gov,"Marshall County, IA",open,allowed,200,bare,,ok or not needed,ok,,Apache,,2026-08-18
co.nobles.mn.us,"Nobles County, MN",blocks basic request,allowed,403,bare,denied-403,ok or not needed,ok,Unknown platform on Google Cloud,nginx,,2026-08-19
humboldtcounty.iowa.gov,"Humboldt County, IA",open,allowed,200,bare,,ok or not needed,ok,,,,2026-08-18
webstercountyia.gov,"Webster County, IA",blocks basic request,allowed,403,bare,denied-403,ok or not needed,failed,Cloudflare (other sites),cloudflare,yes,2026-08-18
pagecounty.iowa.gov,"Page County, IA",open,allowed,200,bare,,ok or not needed,ok,,Microsoft-IIS,,2026-08-18
montgomerycountyia.gov,"Montgomery County, IA",blocks basic request and headless browser,allowed,403,bare,cloudflare-challenge,blocked (403),ok,Cloudflare (other sites),cloudflare,yes,2026-08-24
adamscounty.iowa.gov,"Adams County, IA",open,allowed,200,bare,,ok or not needed,ok,,Apache,,2026-08-18
ringgoldcounty.iowa.gov,"Ringgold County, IA",open,allowed,200,bare,,ok or not needed,ok,,,,2026-08-18
taylorcounty.iowa.gov,"Taylor County, IA",open,allowed,200,bare,,ok or not needed,ok,,LiteSpeed,,2026-08-18
unioncountyiowa.gov,"Union County, IA",open,allowed,200,bare,,ok or not needed,ok,,nginx,,2026-08-18
adaircounty.iowa.gov,"Adair County, IA",open,allowed,200,bare,,ok or not needed,ok,,Apache,,2026-08-18
auduboncountyia.gov,"Audubon County, IA",open,allowed,200,bare,,ok or not needed,ok,,Microsoft-IIS,,2026-08-18
guthriecounty.gov,"Guthrie County, IA",blocks basic request and headless browser,allowed,403,bare,denied-403,blocked (403),ok,Cloudflare (other sites),cloudflare,yes,2026-08-19
casscountyia.gov,"Cass County, IA",open,allowed,200,bare,,ok or not needed,ok,,Apache,,2026-08-18
crawfordcounty.iowa.gov,"Crawford County, IA",open,allowed,200,bare,,ok or not needed,ok,,Apache,,2026-08-18
shelbycounty.iowa.gov,"Shelby County, IA",open,allowed,200,bare,,ok or not needed,ok,,Apache,,2026-08-19
carrollcountyiowa.gov,"Carroll County, IA",blocks basic request and headless browser,allowed,403,bare,cloudflare-challenge,blocked (403),ok,Cloudflare (other sites),cloudflare,yes,2026-08-24
co.greene.ia.us,"Greene County, IA",blocks everything,allowed,403,bare,cloudflare-challenge,not reached,403,Cloudflare (other sites),cloudflare,yes,2026-08-18
clarkecounty.iowa.gov,"Clarke County, IA",open,allowed,200,bare,,ok or not needed,ok,,Apache,,2026-08-19
decaturcountyiowa.gov,"Decatur County, IA",blocks basic request,allowed,403,bare,denied-403,ok or not needed,failed,Cloudflare (other sites),cloudflare,yes,2026-07-25
madisoncounty.iowa.gov,"Madison County, IA",open,allowed,200,bare,,ok or not needed,ok,,Microsoft-IIS,,2026-08-18
vanburencounty.iowa.gov,"Van Buren County, IA",open,allowed,200,bare,,ok or not needed,ok,,,,2026-08-18
hancockcounty-il.gov,"Hancock County, IL",blocks basic request and headless browser,allowed,403,bare,denied-403,blocked (403),ok,Other,nginx,,2026-08-24
leecounty.org,"Lee County, IA",blocks basic request and headless browser,allowed,403,bare,cloudflare-challenge,blocked (403),ok,Cloudflare (other sites),cloudflare,yes,2026-08-24
desmoinescounty.iowa.gov,"Des Moines County, IA",open,allowed,200,bare,,ok or not needed,ok,,Apache,,2026-08-19
appanoosecounty.iowa.gov,"Appanoose County, IA",open,allowed,200,bare,,ok or not needed,ok,,cloudflare,yes,2026-08-19
daviscountyiowa.gov,"Davis County, IA",open,allowed,200,bare,,ok or not needed,ok,,LiteSpeed,,2026-08-19
henrycounty.iowa.gov,"Henry County, IA",open,allowed,200,bare,,ok or not needed,ok,,Microsoft-IIS,,2026-08-18
jeffersoncounty.iowa.gov,"Jefferson County, IA",blocks everything,allowed,403,bare,denied-403,not reached,403,Unknown platform on Google Cloud,nginx,,2026-09-13
lucascounty.iowa.gov,"Lucas County, IA",open,allowed,200,bare,,ok or not needed,ok,,Apache,,2026-09-11
monroecounty.iowa.gov,"Monroe County, IA",open,allowed,200,bare,,ok or not needed,ok,,Microsoft-IIS,,2026-08-18
wapellocounty.org,"Wapello County, IA",open,allowed,200,bare,,ok or not needed,ok,,Apache,,2026-08-18
waynecounty.iowa.gov,"Wayne County, IA",open,allowed,200,bare,,ok or not needed,ok,,cloudflare,yes,2026-09-11
louisacountyia.gov,"Louisa County, IA",open,allowed,200,bare,,ok or not needed,ok,,Flywheel,,2026-08-18
mercercountyil.org,"Mercer County, IL",open,allowed,200,bare,,ok or not needed,ok,,,,2026-08-18
dickinsoncountyiowa.gov,"Dickinson County, IA",blocks everything,allowed,403,bare,denied-403,not reached,403,Cloudflare (other sites),cloudflare,yes,2026-09-11
emmetcountyia.gov,"Emmet County, IA",blocks basic request,allowed,403,bare,denied-403,ok or not needed,ok,Cloudflare (other sites),cloudflare,yes,2026-08-18
iowacounty.iowa.gov,"Iowa County, IA",open,allowed,200,bare,,ok or not needed,ok,,Apache,,2026-08-19
johnsoncountyiowa.gov,"Johnson County, IA",open,allowed,200,bare,,ok or not needed,ok,,cloudflare,yes,2026-08-18
keokukcounty.iowa.gov,"Keokuk County, IA",open,allowed,200,bare,,ok or not needed,ok,,Apache,,2026-08-18
kossuthcounty.iowa.gov,"Kossuth County, IA",open,allowed,200,bare,,ok or not needed,ok,,cloudflare,yes,2026-08-18
mahaskacountyia.gov,"Mahaska County, IA",open,allowed,200,bare,,ok or not needed,ok,,Apache,,2026-08-19
poweshiekcountyiowa.gov,"Poweshiek County, IA",open,allowed,200,bare,,ok or not needed,ok,,Apache,,2026-08-18
washingtoncounty.iowa.gov,"Washington County, IA",open,allowed,200,bare,,ok or not needed,ok,,,,2026-09-13
muscatinecountyiowa.gov,"Muscatine County, IA",open,allowed,200,bare,,ok or not needed,ok,,Apache,,2026-09-11
carrollcountyil.gov,"Carroll County, IL",open,allowed,200,bare,,ok or not needed,ok,,,,2026-09-11
cedarcounty.iowa.gov,"Cedar County, IA",open,allowed,200,bare,,ok or not needed,ok,,Apache,,2026-09-11
clintoncounty-ia.gov,"Clinton County, IA",open,allowed,200,bare,,ok or not needed,ok,,Apache,,2026-08-18
jacksoncounty.iowa.gov,"Jackson County, IA",open,allowed,200,bare,,ok or not needed,ok,,Apache,,2026-08-19
jodaviesscountyil.gov,"Jo Daviess County, IL",open,allowed,200,bare,,ok or not needed,ok,,cloudflare,yes,2026-08-18
scottcountyiowa.gov,"Scott County, IA",open,allowed,200,bare,,ok or not needed,ok,,cloudflare,yes,2026-08-18
allamakeecounty.iowa.gov,"Allamakee County, IA",open,allowed,200,bare,,ok or not needed,ok,,Apache,,2026-08-18
claytoncountyia.gov,"Clayton County, IA",open,allowed,200,bare,,ok or not needed,ok,,cloudflare,yes,2026-08-19
crawfordcountywi.gov,"Crawford County, WI",open,allowed,200,bare,,ok or not needed,ok,,nginx,,2026-08-18
co.fillmore.mn.us,"Fillmore County, MN",open,allowed,200,bare,,ok or not needed,ok,,,,2026-08-18
co.grant.wi.gov,"Grant County, WI",open,allowed,200,bare,,ok or not needed,ok,,,,2026-09-11
hocomn.gov,"Houston County, MN",open,allowed,200,www,,ok or not needed,ok,,cloudflare,yes,2026-09-09
lacrossecounty.org,"La Crosse County, WI",blocks basic request and headless browser,allowed,403,bare,denied-403,blocked (403),ok,Cloudflare (other sites),cloudflare,yes,2026-08-18
vernoncountywi.gov,"Vernon County, WI",open,allowed,200,bare,,ok or not needed,ok,,,,2026-08-18
winneshiekcounty.iowa.gov,"Winneshiek County, IA",open,allowed,200,bare,,ok or not needed,failed,,Apache,,2026-09-11
bentoncountyia.gov,"Benton County, IA",open,allowed,200,bare,,ok or not needed,ok,,cloudflare,yes,2026-08-18
blackhawkcounty.iowa.gov,"Black Hawk County, IA",open,allowed,200,bare,,ok or not needed,ok,,,,2026-08-18
bremercounty.iowa.gov,"Bremer County, IA",open,allowed,200,bare,,ok or not needed,ok,,,,2026-08-18
buchanancounty.iowa.gov,"Buchanan County, IA",open,allowed,200,bare,,ok or not needed,ok,,,,2026-08-18
butlercounty.iowa.gov,"Butler County, IA",open,allowed,200,bare,,ok or not needed,ok,,nginx,,2026-08-18
cerrogordo.gov,"Cerro Gordo County, IA",open,allowed,200,bare,,ok or not needed,ok,,Apache,,2026-08-18
chickasawcounty.iowa.gov,"Chickasaw County, IA",open,allowed,200,bare,,ok or not needed,ok,,Apache,,2026-08-18
delawarecounty.iowa.gov,"Delaware County, IA",open,allowed,200,bare,,ok or not needed,ok,,Microsoft-IIS,,2026-08-19
fayettecounty.iowa.gov,"Fayette County, IA",open,allowed,200,bare,,ok or not needed,ok,,UNKNOWN,,2026-08-19
floydco.iowa.gov,"Floyd County, IA",open,allowed,200,bare,,ok or not needed,ok,,Microsoft-IIS,,2026-09-11
franklincountyia.gov,"Franklin County, IA",open,allowed,200,bare,,ok or not needed,ok,,,,2026-09-11
grundycountyiowa.gov,"Grundy County, IA",open,allowed,200,bare,,ok or not needed,ok,,nginx,,2026-08-18
hamiltoncounty.iowa.gov,"Hamilton County, IA",robots.txt exclusion,disallowed,200,bare,,ok or not needed,ok,,,,2026-08-18
hancockcountyia.gov,"Hancock County, IA",open,allowed,200,bare,,ok or not needed,ok,,Apache,,2026-08-18
hardincountyia.gov,"Hardin County, IA",blocks basic request and headless browser,allowed,403,bare,denied-403,blocked (403),ok,Cloudflare (other sites),cloudflare,yes,2026-08-24
howardcounty.iowa.gov,"Howard County, IA",open,allowed,200,bare,,ok or not needed,ok,,Microsoft-IIS,,2026-08-18
jonescountyiowa.gov,"Jones County, IA",open,allowed,200,bare,,ok or not needed,ok,,Apache,,2026-08-16
linncountyiowa.gov,"Linn County, IA",open,allowed,200,bare,,ok or not needed,ok,,cloudflare,yes,2026-08-17
mitchellcounty.iowa.gov,"Mitchell County, IA",open,allowed,200,bare,,ok or not needed,ok,,Apache,,2026-08-19
tamacounty.iowa.gov,"Tama County, IA",open,allowed,200,bare,,ok or not needed,ok,,Apache,,2026-08-18
winnebagocountyiowa.gov,"Winnebago County, IA",open,allowed,200,bare,,ok or not needed,ok,,cloudflare,yes,2026-08-18
worthcountyiowa.gov,"Worth County, IA",open,allowed,200,bare,,ok or not needed,ok,,cloudflare,yes,2026-09-13
wrightcounty.iowa.gov,"Wright County, IA",robots.txt exclusion,disallowed,200,bare,,ok or not needed,none,,,,2026-07-19
faribaultcountymn.gov,"Faribault County, MN",open,allowed,200,www,,ok or not needed,ok,,cloudflare,yes,2026-09-09
freeborncountymn.gov,"Freeborn County, MN",open,allowed,200,www,,ok or not needed,ok,,,,2026-09-11
co.jackson.mn.us,"Jackson County, MN",robots.txt exclusion,disallowed,200,bare,,ok or not needed,none,,,,2026-07-19
co.martin.mn.us,"Martin County, MN",open,allowed,200,bare,,ok or not needed,ok,,,,2026-09-11
co.mower.mn.us,"Mower County, MN",open,allowed,200,bare,,ok or not needed,ok,,,,2026-08-19
douglascountymn.gov,"Douglas County, MN",broken or unreachable,allowed,error,www,,error,ok,,Microsoft-IIS,,2026-09-09
co.grant.mn.us,"Grant County, MN",open,allowed,200,www,,ok or not needed,ok,,,,2026-08-19
kcmn.us,"Kandiyohi County, MN",open,allowed,200,www,,ok or not needed,ok,,Microsoft-IIS,,2026-09-09
stearnscountymn.gov,"Stearns County, MN",open,allowed,200,bare,,ok or not needed,ok,,cloudflare,yes,2026-08-17
morrisoncountymn.gov,"Morrison County, MN",open,allowed,200,bare,,ok or not needed,ok,,,,2026-08-18
ottertailcounty.gov,"Otter Tail County, MN",open,allowed,200,bare,,ok or not needed,ok,,cloudflare,yes,2026-08-18
popecountymn.gov,"Pope County, MN",blocks basic request,allowed,403,bare,denied-403,ok or not needed,ok,Unknown platform on Google Cloud,nginx,,2026-08-19
co.sherburne.mn.us,"Sherburne County, MN",open,allowed,200,bare,,ok or not needed,ok,,cloudflare,yes,2026-08-19
stevenscountymn.gov,"Stevens County, MN",open,allowed,200,www-http,,ok or not needed,ok,,Microsoft-IIS,,2026-09-11
swiftcounty.gov,"Swift County, MN",robots.txt exclusion,disallowed,200,bare,,ok or not needed,none,,,,2026-07-19
toddcountymn.gov,"Todd County, MN",open,allowed,200,www,,ok or not needed,ok,,,,2026-09-11
bentoncountymn.gov,"Benton County, MN",open,allowed,200,www,,ok or not needed,ok,,,,2026-09-09
millelacs.mn.gov,"Mille Lacs County, MN",open,allowed,200,bare,,ok or not needed,ok,,Microsoft-IIS,,2026-08-18
meekercountymn.gov,"Meeker County, MN",open,allowed,200,www,,ok or not needed,ok,,,,2026-09-11
renvillecountymn.gov,"Renville County, MN",open,allowed,200,bare,,ok or not needed,ok,,cloudflare,yes,2026-08-19
co.aitkin.mn.us,"Aitkin County, MN",open,allowed,200,bare,,ok or not needed,ok,,Apache,,2026-08-18
anokacountymn.gov,"Anoka County, MN",open,allowed,200,bare,,ok or not needed,ok,,,,2026-09-11
browncountymn.gov,"Brown County, MN",open,allowed,200,bare,,ok or not needed,ok,,,,2026-08-18
carltoncountymn.gov,"Carlton County, MN",open,allowed,200,bare,,ok or not needed,ok,,,,2026-08-18
carvercountymn.gov,"Carver County, MN",blocks basic request and headless browser,allowed,403,bare,denied-403,blocked (403),ok,Granicus govAccess (Akamai),AkamaiGHost,,2026-08-24
chippewacountymn.gov,"Chippewa County, MN",open,allowed,200,www,,ok or not needed,ok,,Microsoft-IIS,,2026-09-09
chisagocountymn.gov,"Chisago County, MN",open,allowed,200,bare,,ok or not needed,ok,,cloudflare,yes,2026-08-19
dakotacountymn.gov,"Dakota County, MN",open,allowed,200,bare,,ok or not needed,ok,,,,2026-09-09
goodhuecountymn.gov,"Goodhue County, MN",open,allowed,200,bare,,ok or not needed,ok,,Apache,,2026-08-18
hennepincounty.gov,"Hennepin County, MN",blocks basic request,allowed,403,bare,denied-403,ok or not needed,ok,Other,,,2026-09-03
isanticountymn.gov,"Isanti County, MN",open,allowed,200,www,,ok or not needed,ok,,cloudflare,yes,2026-09-09
kanabeccounty.org,"Kanabec County, MN",open,allowed,200,bare,,ok or not needed,ok,,,,2026-08-18
lyoncountymn.gov,"Lyon County, MN",blocks everything,allowed,403,www,denied-403,not reached,403,Granicus govAccess (Akamai),AkamaiGHost,,2026-09-09
mcleodcountymn.gov,"McLeod County, MN",open,allowed,200,bare,,ok or not needed,ok,,,,2026-08-18
nicolletcountymn.gov,"Nicollet County, MN",open,allowed,200,www,,ok or not needed,ok,,Microsoft-IIS,,2026-09-09
co.pierce.wi.us,"Pierce County, WI",open,allowed,200,bare,,ok or not needed,ok,,Microsoft-IIS,,2026-08-17
pinecountymn.gov,"Pine County, MN",open,allowed,200,bare,,ok or not needed,ok,,,,2026-09-12
ramseycountymn.gov,"Ramsey County, MN",open,allowed,200,www,,ok or not needed,ok,,cloudflare,yes,2026-09-09
redwoodcounty-mn.gov,"Redwood County, MN",open,allowed,200,bare,,ok or not needed,ok,,cloudflare,yes,2026-09-09
ricecountymn.gov,"Rice County, MN",open,allowed,200,bare,,ok or not needed,ok,,cloudflare,yes,2026-08-18
scottcountymn.gov,"Scott County, MN",open,allowed,200,bare,,ok or not needed,ok,,cloudflare,yes,2026-08-18
sibleycounty.gov,"Sibley County, MN",open,allowed,200,bare,,ok or not needed,ok,,,,2026-08-19
washingtoncountymn.gov,"Washington County, MN",open,allowed,200,bare,,ok or not needed,ok,,,,2026-08-18
wrightcountymn.gov,"Wright County, MN",open,allowed,200,www,,ok or not needed,ok,,CivicPlus,,2026-09-09
blueearthcountymn.gov,"Blue Earth County, MN",open,allowed,200,bare,,ok or not needed,ok,,cloudflare,yes,2026-08-18
cottonwoodcountymn.gov,"Cottonwood County, MN",open,allowed,200,www,,ok or not needed,ok,,,,2026-09-09
lesueurcounty.gov,"Le Sueur County, MN",open,allowed,200,bare,,ok or not needed,ok,,,,2026-09-09
murraycountymn.com,"Murray County, MN",open,allowed,200,bare,,ok or not needed,ok,,,,2026-08-18
wasecacounty.gov,"Waseca County, MN",open,allowed,200,www,,ok or not needed,ok,,,,2026-09-09
watonwancountymn.gov,"Watonwan County, MN",open,allowed,200,www,,ok or not needed,ok,,,,2026-09-09
co.becker.mn.us,"Becker County, MN",broken or unreachable,allowed,error,bare,,ok or not needed,ok,,,,2026-08-18
beltramicountymn.gov,"Beltrami County, MN",open,allowed,200,www,,ok or not needed,ok,,,,2026-09-09
casscountymn.gov,"Cass County, MN",open,allowed,200,bare,,ok or not needed,ok,,cloudflare,yes,2026-08-18
clearwatercountymn.gov,"Clearwater County, MN",robots.txt exclusion,disallowed,200,bare,,ok or not needed,none,,,,2026-07-19
co.cook.mn.us,"Cook County, MN",robots.txt exclusion,disallowed,200,bare,,ok or not needed,none,,,,2026-07-19
crowwing.gov,"Crow Wing County, MN",open,allowed,200,bare,,ok or not needed,ok,,,,2026-08-19
co.hubbard.mn.us,"Hubbard County, MN",robots.txt exclusion,disallowed,200,bare,,ok or not needed,none,,,,2026-07-19
itascacountymn.gov,"Itasca County, MN",open,allowed,200,www,,ok or not needed,ok,,Microsoft-IIS,,2026-09-09
koochiching.gov,"Koochiching County, MN",open,allowed,200,www,,ok or not needed,ok,,Microsoft-IIS,,2026-09-10
lakecountymn.gov,"Lake County, MN",open,allowed,200,bare,,ok or not needed,ok,,Apache,,2026-09-09
lotwcounty.gov,"Lake of the Woods County, MN",open,allowed,200,bare,,ok or not needed,ok,,cloudflare,yes,2026-09-09
mahnomencounty.gov,"Mahnomen County, MN",open,allowed,200,www,,ok or not needed,ok,,,,2026-09-09
co.pepin.wi.us,"Pepin County, WI",robots.txt exclusion,disallowed,200,bare,,ok or not needed,none,,,,2026-07-19
roseaucountymn.gov,"Roseau County, MN",open,allowed,200,www,,ok or not needed,ok,,,,2026-09-09
stlouiscountymn.gov,"Saint Louis County, MN",open,allowed,200,bare,,ok or not needed,ok,,,,2026-08-18
wadenacounty.gov,"Wadena County, MN",open,allowed,200,www,,ok or not needed,ok,,,,2026-09-09
burnettcountywi.gov,"Burnett County, WI",open,allowed,200,bare,,ok or not needed,ok,,Microsoft-IIS,,2026-08-19
douglascountywi.gov,"Douglas County, WI",open,allowed,200,bare,,ok or not needed,ok,,cloudflare,yes,2026-08-18
polkcountywi.gov,"Polk County, WI",robots.txt exclusion,disallowed,200,bare,,ok or not needed,ok,,,,2026-08-17
co.washburn.wi.us,"Washburn County, WI",open,allowed,200,bare,,ok or not needed,ok,,nginx,,2026-08-19
co.adams.in.us,"Adams County, IN",open,allowed,200,bare,,ok or not needed,ok,,,,2026-08-19
wellscounty.org,"Wells County, IN",open,allowed,200,bare,,ok or not needed,ok,,nginx,,2026-08-19
whitleycounty.in.gov,"Whitley County, IN",robots.txt exclusion,crawl-delay,200,bare,,ok or not needed,none,,cloudflare,yes,2026-07-19
huntington.in.us,"Huntington County, IN",robots.txt exclusion,crawl-delay,200,bare,,ok or not needed,none,,nginx,,2026-07-19
co.dekalb.in.us,"DeKalb County, IN",robots.txt exclusion,crawl-delay,200,bare,,ok or not needed,ok,,nginx,,2026-08-14
buffalocountywi.gov,"Buffalo County, WI",open,allowed,200,bare,,ok or not needed,ok,,cloudflare,yes,2026-08-19
dodgecountymn.gov,"Dodge County, MN",open,allowed,200,bare,,ok or not needed,ok,,,,2026-08-18
olmstedcounty.gov,"Olmsted County, MN",open,allowed,200,bare,,ok or not needed,ok,,nginx,,2026-08-19
steelecountymn.gov,"Steele County, MN",open,allowed,200,bare,,ok or not needed,ok,,,,2026-08-18
co.trempealeau.wi.us,"Trempealeau County, WI",open,allowed,200,bare,,ok or not needed,ok,,,,2026-08-18
co.wabasha.mn.us,"Wabasha County, MN",robots.txt exclusion,disallowed,200,www,,error,ok,,,,2026-09-09
winonacounty.gov,"Winona County, MN",open,allowed,200,bare,,ok or not needed,ok,,,,2026-08-18
malheurco.org,"Malheur County, OR",blocks basic request,allowed,403,bare,denied-403,ok or not needed,ok,Other,Sucuri,,2026-08-24
bakercountyor.gov,"Baker County, OR",broken or unreachable,allowed,error,www,,ok or not needed,ok,,,,2026-09-09
barroncountywi.gov,"Barron County, WI",robots.txt exclusion,disallowed,200,bare,,ok or not needed,none,,,,2026-07-19
dickinsoncountymi.gov,"Dickinson County, MI",open,allowed,200,bare,,ok or not needed,ok,,,,2026-08-18
dunncountywi.gov,"Dunn County, WI",robots.txt exclusion,disallowed,200,bare,,ok or not needed,none,,,,2026-07-19
eauclairecounty.gov,"Eau Claire County, WI",open,allowed,200,bare,,ok or not needed,ok,,,,2026-08-18
gogebic.gov,"Gogebic County, MI",robots.txt exclusion,disallowed,200,bare,,ok or not needed,none,,,,2026-07-19
ironmi.com,"Iron County, MI",open,allowed,200,bare,,ok or not needed,ok,,Apache,,2026-08-18
marinettecountywi.gov,"Marinette County, WI",open,allowed,200,bare,,ok or not needed,ok,,,,2026-08-18
co.marquette.mi.us,"Marquette County, MI",robots.txt exclusion,disallowed,200,bare,,ok or not needed,ok,,,,2026-08-11
menomineecountymi.gov,"Menominee County, MI",open,allowed,200,www,,ok or not needed,ok,,cloudflare,yes,2026-09-09
ontonagoncounty.org,"Ontonagon County, MI",open,allowed,200,bare,,ok or not needed,ok,,cloudflare,yes,2026-08-18
sccwi.gov,"Saint Croix County, WI",open,allowed,200,bare,,ok or not needed,ok,,,,2026-08-18
co.columbia.wi.us,"Columbia County, WI",open,allowed,200,www,,ok or not needed,ok,,,,2026-09-09
danecounty.gov,"Dane County, WI",open,allowed,200,bare,,ok or not needed,ok,,Microsoft-IIS,,2026-08-18
greencountywi.org,"Green County, WI",open,allowed,200,bare,,ok or not needed,ok,,,,2026-08-18
iowacountywi.gov,"Iowa County, WI",open,allowed,200,www,,ok or not needed,ok,,nginx,,2026-09-09
jeffersoncountywi.gov,"Jefferson County, WI",open,allowed,200,bare,,ok or not needed,ok,,,,2026-08-18
kenoshacountywi.gov,"Kenosha County, WI",open,allowed,200,www,,ok or not needed,ok,,cloudflare,yes,2026-09-09
lafayettecountywi.org,"Lafayette County, WI",blocks basic request and headless browser,allowed,403,bare,cloudflare-challenge,blocked (403),ok,Cloudflare (other sites),cloudflare,yes,2026-08-24
marquettecountywi.gov,"Marquette County, WI",open,allowed,200,www,,ok or not needed,ok,,Microsoft-IIS,,2026-09-09
co.menominee.wi.us,"Menominee County, WI",open,allowed,200,bare,,ok or not needed,ok,,,,2026-08-18
ozaukeecounty.gov,"Ozaukee County, WI",open,allowed,200,bare,,ok or not needed,ok,,CivicPlus,,2026-08-18
racinecounty.com,"Racine County, WI",blocks basic request and headless browser,allowed,403,bare,denied-403,blocked (403),ok,Granicus govAccess (Akamai),AkamaiGHost,,2026-08-24
co.richland.wi.us,"Richland County, WI",robots.txt exclusion,disallowed,200,bare,,ok or not needed,none,,,,2026-07-19
co.rock.wi.us,"Rock County, WI",blocks basic request and headless browser,allowed,403,bare,denied-403,blocked (403),ok,Granicus govAccess (Akamai),AkamaiGHost,,2026-08-24
co.sauk.wi.us,"Sauk County, WI",open,allowed,200,bare,,ok or not needed,ok,,,,2026-08-19
co.walworth.wi.us,"Walworth County, WI",open,allowed,200,bare,,ok or not needed,ok,,Microsoft-IIS,,2026-08-19
boonecountyil.gov,"Boone County, IL",open,allowed,200,bare,,ok or not needed,ok,,,,2026-08-18
co.langlade.wi.us,"Langlade County, WI",open,allowed,200,bare,,ok or not needed,ok,,,,2026-08-18
ocontocountywi.gov,"Oconto County, WI",open,allowed,200,www,,ok or not needed,ok,,,,2026-09-09
stephensoncountyil.gov,"Stephenson County, IL",open,allowed,200,bare,,ok or not needed,ok,,,,2026-08-19
wincoil.gov,"Winnebago County, IL",open,allowed,200,bare,,ok or not needed,ok,,cloudflare,yes,2026-08-18
dekalbcounty.org,"DeKalb County, IL",blocks basic request,allowed,403,bare,denied-403,ok or not needed,ok,Unknown platform on Google Cloud,nginx,,2026-08-18
dupagecounty.gov,"DuPage County, IL",open,allowed,200,bare,,ok or not needed,ok,,,,2026-08-18
grundycountyil.gov,"Grundy County, IL",open,allowed,200,bare,,ok or not needed,ok,,,,2026-08-19
kendallcountyil.gov,"Kendall County, IL",blocks basic request and headless browser,allowed,403,bare,denied-403,blocked (403),ok,Granicus govAccess (Akamai),AkamaiGHost,,2026-08-24
fordcounty.illinois.gov,"Ford County, IL",open,allowed,200,bare,,ok or not needed,ok,,Sucuri,,2026-08-18
iroquoiscountyil.gov,"Iroquois County, IL",open,allowed,200,bare,,ok or not needed,ok,,cloudflare,yes,2026-08-17
livingstoncountyil.gov,"Livingston County, IL",open,allowed,200,bare,,ok or not needed,ok,,,,2026-08-19
mcleancountyil.gov,"McLean County, IL",open,allowed,200,bare,,ok or not needed,ok,,cloudflare,yes,2026-08-18
woodford-county.org,"Woodford County, IL",open,allowed,200,bare,,ok or not needed,ok,,,,2026-08-18
co.cass.il.us,"Cass County, IL",open,allowed,200,bare,,ok or not needed,ok,,Apache,,2026-08-19
christiancountyil.gov,"Christian County, IL",blocks basic request,allowed,403,bare,cloudflare-challenge,ok or not needed,ok,Cloudflare (other sites),cloudflare,yes,2026-08-19
logancountyil.gov,"Logan County, IL",open,allowed,200,bare,,ok or not needed,none,,Apache,,
maconcounty.illinois.gov,"Macon County, IL",open,allowed,200,bare,,ok or not needed,ok,,Apache,,2026-08-18
masoncountyil.gov,"Mason County, IL",open,allowed,200,bare,,ok or not needed,ok,,cloudflare,yes,2026-08-18
menardcountyil.gov,"Menard County, IL",open,allowed,200,bare,,ok or not needed,ok,,Apache,,2026-08-18
montgomerycountyil.gov,"Montgomery County, IL",open,allowed,200,bare,,ok or not needed,ok,,Apache,,2026-08-18
morgancounty-il.com,"Morgan County, IL",open,allowed,200,bare,,ok or not needed,ok,,Apache,,2026-08-18
moultriecountyil.gov,"Moultrie County, IL",open,allowed,200,bare,,ok or not needed,ok,,,,2026-08-19
sangamonil.gov,"Sangamon County, IL",open,allowed,200,bare,,ok or not needed,ok,,,,2026-08-18
scottcoil.gov,"Scott County, IL",open,allowed,200,bare,,ok or not needed,ok,,,,2026-08-18
shelbycounty-il.gov,"Shelby County, IL",open,allowed,200,bare,,ok or not needed,ok,,Microsoft-IIS,,2026-08-18
tazewell-il.gov,"Tazewell County, IL",open,allowed,200,bare,,ok or not needed,ok,,LiteSpeed,,2026-08-19
adamscountyil.gov,"Adams County, IL",blocks basic request and headless browser,allowed,403,bare,denied-403,blocked (403),ok,Granicus govAccess (Akamai),AkamaiGHost,,2026-08-24
browncoil.org,"Brown County, IL",open,allowed,200,bare,,ok or not needed,ok,,cloudflare,yes,2026-08-19
bureaucounty-il.gov,"Bureau County, IL",open,allowed,200,bare,,ok or not needed,ok,,cloudflare,yes,2026-08-18
calhouncountyil.gov,"Calhoun County, IL",open,allowed,200,bare,,ok or not needed,ok,,nginx,,2026-08-19
fultoncountyil.gov,"Fulton County, IL",open,allowed,200,bare,,ok or not needed,ok,,LiteSpeed,,2026-08-18
greenecountyil.org,"Greene County, IL",open,allowed,200,bare,,ok or not needed,ok,,nginx,,2026-08-19
henrycty.com,"Henry County, IL",open,allowed,200,bare,,ok or not needed,ok,,cloudflare,yes,2026-08-18
knoxcountyil.gov,"Knox County, IL",blocks basic request,allowed,403,bare,cloudflare-challenge,ok or not needed,ok,Cloudflare (other sites),cloudflare,yes,2026-08-18
marshallcountyillinois.gov,"Marshall County, IL",open,allowed,200,bare,,ok or not needed,ok,,LiteSpeed,,2026-08-18
mcg.mcdonough.il.us,"McDonough County, IL",open,allowed,200,bare-http,,ok or not needed,ok,,Apache,,2026-09-09
peoriacounty.gov,"Peoria County, IL",open,allowed,200,bare,,ok or not needed,ok,,cloudflare,yes,2026-08-18
pikecountyil.org,"Pike County, IL",open,allowed,200,bare,,ok or not needed,ok,,cloudflare,yes,2026-09-11
putnamil.gov,"Putnam County, IL",open,allowed,200,bare,,ok or not needed,ok,,,,2026-08-18
schuylercounty.org,"Schuyler County, IL",open,allowed,200,bare,,ok or not needed,ok,,Flywheel,,2026-08-17
starkco.illinois.gov,"Stark County, IL",open,allowed,200,bare,,ok or not needed,ok,,Apache,,2026-08-19
warrencountyil.gov,"Warren County, IL",open,allowed,200,bare,,ok or not needed,ok,,cloudflare,yes,2026-08-18
jerseycounty-il.gov,"Jersey County, IL",open,allowed,200,bare,,ok or not needed,ok,,nginx,,2026-08-19
macoupincountyil.gov,"Macoupin County, IL",open,allowed,200,bare,,ok or not needed,ok,,cloudflare,yes,2026-08-19
madisoncountyil.gov,"Madison County, IL",open,allowed,200,bare,,ok or not needed,ok,,,,2026-08-18
alexandercounty.illinois.gov,"Alexander County, IL",open,allowed,200,bare,,ok or not needed,ok,,nginx,,2026-08-18
clintonco.illinois.gov,"Clinton County, IL",open,allowed,307,bare,,ok or not needed,ok,,Sucuri,,2026-08-18
jacksoncounty-il.gov,"Jackson County, IL",open,allowed,200,bare,,ok or not needed,ok,,cloudflare,yes,2026-08-19
massaccountyil.gov,"Massac County, IL",open,allowed,200,bare,,ok or not needed,ok,,Apache,,2026-08-19
perrycountyil.gov,"Perry County, IL",blocks basic request,allowed,202,bare,captcha-challenge,ok or not needed,ok,SiteGround captcha,nginx,,2026-08-18
pulaskicountyil.net,"Pulaski County, IL",open,allowed,200,bare,,ok or not needed,ok,,,,2026-08-18
randolphcountyil.gov,"Randolph County, IL",open,allowed,200,bare,,ok or not needed,ok,,Apache,,2026-08-18
co.st-clair.il.us,"Saint Clair County, IL",open,allowed,200,www,,ok or not needed,ok,,,,2026-08-18
unioncountyil.gov,"Union County, IL",blocks basic request,allowed,202,bare,captcha-challenge,ok or not needed,ok,SiteGround captcha,nginx,,2026-08-18
washingtonco.illinois.gov,"Washington County, IL",open,allowed,200,bare,,ok or not needed,ok,,Apache,,2026-08-18
williamsoncountyil.gov,"Williamson County, IL",blocks basic request,allowed,202,bare,captcha-challenge,ok or not needed,ok,SiteGround captcha,nginx,,2026-08-18
crittendencountyky.org,"Crittenden County, KY",open,allowed,200,bare,,ok or not needed,ok,,,,2026-08-18
franklincountyil.gov,"Franklin County, IL",open,allowed,200,bare,,ok or not needed,ok,,cloudflare,yes,2026-08-18
gallatinco.illinois.gov,"Gallatin County, IL",open,allowed,200,bare-http,,ok or not needed,ok,,Apache,,2026-08-19
hamiltoncountyil.gov,"Hamilton County, IL",open,allowed,200,bare,,ok or not needed,ok,,Vercel,,2026-08-18
livingstoncountyky.org,"Livingston County, KY",open,allowed,200,bare-http,,ok or not needed,ok,,Apache,,2026-09-09
salinecounty.illinois.gov,"Saline County, IL",open,allowed,200,bare,,ok or not needed,ok,,Apache,,2026-08-19
unioncountyky.org,"Union County, KY",blocks basic request and headless browser,allowed,403,bare,denied-403,blocked (403),ok,Granicus govAccess (Akamai),AkamaiGHost,,2026-08-24
whitecounty-il.gov,"White County, IL",open,allowed,200,bare,,ok or not needed,ok,,nginx,,2026-08-18
bondcountyil.gov,"Bond County, IL",open,allowed,200,bare,,ok or not needed,ok,,Apache,,2026-08-18
champaigncountyil.gov,"Champaign County, IL",open,allowed,200,bare,,ok or not needed,ok,,cloudflare,yes,2026-09-13
clarkcountyil.org,"Clark County, IL",open,allowed,200,bare,,ok or not needed,ok,,nginx,,2026-08-19
claycountyillinois.org,"Clay County, IL",blocks basic request,allowed,403,bare,denied-403,ok or not needed,failed,Cloudflare (other sites),cloudflare,yes,2026-08-18
colesco.illinois.gov,"Coles County, IL",broken or unreachable,allowed,error,bare,,ok or not needed,ok,,,,2026-08-18
cometocrawford.com,"Crawford County, IN",blocks basic request,allowed,202,bare,captcha-challenge,ok or not needed,ok,SiteGround captcha,nginx,,2026-08-18
cumberlandcoil.gov,"Cumberland County, IL",open,allowed,200,bare,,ok or not needed,ok,,Microsoft-IIS,,2026-08-18
dewittcountyil.gov,"DeWitt County, IL",open,allowed,200,bare,,ok or not needed,ok,,,,2026-08-18
douglascountyil.gov,"Douglas County, IL",open,allowed,200,bare,,ok or not needed,ok,,cloudflare,yes,2026-08-18
edgarcountyillinois.com,"Edgar County, IL",open,allowed,200,bare,,ok or not needed,ok,,LiteSpeed,,2026-09-11
effinghamcountyil.gov,"Effingham County, IL",open,allowed,200,bare,,ok or not needed,ok,,Apache,,2026-08-18
fayettecountyillinois.gov,"Fayette County, IL",open,allowed,200,bare,,ok or not needed,ok,,cloudflare,yes,2026-08-17
jaspercountyillinois.gov,"Jasper County, IL",open,allowed,200,bare,,ok or not needed,ok,,Apache,,2026-08-18
jeffersoncounty.illinois.gov,"Jefferson County, IL",open,allowed,200,bare,,ok or not needed,ok,,,,2026-08-19
lasallecountyil.gov,"LaSalle County, IL",open,allowed,200,bare,,ok or not needed,ok,,cloudflare,yes,2026-08-19
lawrencecounty.illinois.gov,"Lawrence County, IL",open,allowed,200,bare,,ok or not needed,ok,,Apache,,2026-08-18
marioncountyil.gov,"Marion County, IL",open,allowed,200,bare,,ok or not needed,ok,,Apache,,2026-08-18
piatt.gov,"Piatt County, IL",open,allowed,200,bare,,ok or not needed,ok,,,,2026-08-18
richlandcounty.illinois.gov,"Richland County, IL",open,allowed,200,bare,,ok or not needed,ok,,Apache,,2026-08-16
vercounty.org,"Vermilion County, IL",broken or unreachable,allowed,error,bare,,ok or not needed,ok,,,,2026-08-19
waynecountyil.gov,"Wayne County, IL",open,allowed,200,bare,,ok or not needed,ok,,cloudflare,yes,2026-08-18
branchcounty.gov,"Branch County, MI",blocks basic request,allowed,202,bare,captcha-challenge,ok or not needed,ok,SiteGround captcha,nginx,,2026-08-18
casscountymi.org,"Cass County, MI",open,allowed,200,bare,,ok or not needed,ok,,,,2026-08-18
hillsdalecounty.gov,"Hillsdale County, MI",open,allowed,200,bare,,ok or not needed,ok,,Apache,,2026-09-09
lenawee.mi.us,"Lenawee County, MI",open,allowed,200,bare,,ok or not needed,ok,,,,2026-08-18
stjosephcountymi.gov,"Saint Joseph County, MI",open,allowed,200,bare,,ok or not needed,ok,,nginx,,2026-08-18
bentoncounty.in.gov,"Benton County, IN",open,allowed,200,bare,,ok or not needed,ok,,Pepyaka,,2026-08-19
elkhartcounty.com,"Elkhart County, IN",blocks basic request and headless browser,allowed,403,bare,denied-403,blocked (403),ok,Cloudflare (other sites),cloudflare,yes,2026-08-24
jaspercountyin.gov,"Jasper County, IN",open,allowed,200,bare,,ok or not needed,ok,,Apache,,2026-08-18
kosciusko.in.gov,"Kosciusko County, IN",robots.txt exclusion,crawl-delay,200,bare,,ok or not needed,none,,cloudflare,yes,2026-07-19
lagrangecounty.org,"LaGrange County, IN",robots.txt exclusion,crawl-delay,200,bare,,ok or not needed,none,,nginx,,2026-07-19
laporteco.in.gov,"LaPorte County, IN",open,allowed,200,bare,,ok or not needed,ok,,cloudflare,yes,2026-08-16
pulaskionline.org,"Pulaski County, IN",open,allowed,200,bare,,ok or not needed,ok,,Flywheel,,2026-08-18
sjcindiana.gov,"Saint Joseph County, IN",blocks basic request and headless browser,allowed,403,bare,cloudflare-challenge,blocked (403),ok,Cloudflare (other sites),cloudflare,yes,2026-08-18
starke.in.gov,"Starke County, IN",open,allowed,200,bare,,ok or not needed,ok,,cloudflare,yes,2026-08-18
co.steuben.in.us,"Steuben County, IN",open,allowed,200,bare,,ok or not needed,ok,,,,2026-08-18
co.fulton.in.us,"Fulton County, IN",open,allowed,200,bare,,ok or not needed,ok,,,,2026-08-18
co.marshall.in.us,"Marshall County, IN",robots.txt exclusion,crawl-delay,200,bare,,ok or not needed,ok,,nginx,,2026-08-17
blackfordcounty.com,"Blackford County, IN",open,allowed,200,bare,,ok or not needed,ok,,cloudflare,yes,2026-08-18
carrollcountygovernment.org,"Carroll County, IN",open,allowed,200,bare,,ok or not needed,ok,,cloudflare,yes,2026-09-09
co.fayette.in.us,"Fayette County, IN",open,allowed,200,bare,,ok or not needed,ok,,Apache,,2026-08-19
fountaincounty.net,"Fountain County, IN",robots.txt exclusion,crawl-delay,404,bare,,ok or not needed,none,,,,2026-07-19
jaycounty.net,"Jay County, IN",open,allowed,200,bare,,ok or not needed,ok,,Apache,,2026-08-17
miamicountyin.gov,"Miami County, IN",open,allowed,200,www,,ok or not needed,ok,,,,2026-09-09
montgomerycounty.in.gov,"Montgomery County, IN",robots.txt exclusion,crawl-delay,200,bare,,ok or not needed,none,,cloudflare,yes,2026-07-19
tippecanoe.in.gov,"Tippecanoe County, IN",open,allowed,200,bare,,ok or not needed,ok,,Microsoft-IIS,,2026-09-11
warrencounty.in.gov,"Warren County, IN",open,allowed,200,bare,,ok or not needed,ok,,,,2026-08-19
co.wayne.in.us,"Wayne County, IN",open,allowed,200,www,,ok or not needed,ok,,Apache,,2026-08-18
franklincounty.in.gov,"Franklin County, IN",open,allowed,200,bare,,ok or not needed,ok,,cloudflare,yes,2026-08-18
bullittky.com,"Bullitt County, KY",open,allowed,200,bare,,ok or not needed,ok,,nginx,,2026-08-19
carrollcountygov.us,"Carroll County, KY",open,allowed,200,bare,,ok or not needed,ok,,Squarespace,,2026-08-18
co.clark.in.us,"Clark County, IN",open,allowed,200,bare,,ok or not needed,ok,,LiteSpeed,,2026-08-19
gallatinky.org,"Gallatin County, KY",blocks basic request and headless browser,allowed,403,bare,denied-403,blocked (403),ok,Other,,,2026-08-24
hardincountyky.gov,"Hardin County, KY",open,allowed,200,bare,,ok or not needed,ok,,,,2026-08-18
louisvilleky.gov,"Jefferson County, KY",blocks basic request and headless browser,allowed,403,bare,denied-403,blocked (403),ok,Cloudflare (other sites),cloudflare,yes,2026-08-24
jeffersoncounty.in.gov,"Jefferson County, IN",open,allowed,200,bare,,ok or not needed,ok,,,,2026-08-18
ohiocountyin.gov,"Ohio County, IN",open,allowed,200,bare,,ok or not needed,ok,,nginx,,2026-08-16
oldhamcountyky.gov,"Oldham County, KY",open,allowed,200,bare,,ok or not needed,ok,,nginx,,2026-08-19
shelbycounty.ky.gov,"Shelby County, KY",open,allowed,200,bare,,ok or not needed,ok,,,,2026-08-18
spencercountyky.gov,"Spencer County, KY",open,allowed,200,bare,,ok or not needed,ok,,,,2026-08-18
switzerland-county.com,"Switzerland County, IN",broken or unreachable,allowed,error,bare,,ok or not needed,failed,,,,2026-09-13
trimblecountyky.gov,"Trimble County, KY",open,allowed,200,bare,,ok or not needed,ok,,cloudflare,yes,2026-09-09
monroecounty.gov,"Monroe County, NY",open,allowed,200,bare,,ok or not needed,ok,,cloudflare,yes,2026-08-18
gibsoncounty-in.gov,"Gibson County, IN",open,allowed,200,bare,,ok or not needed,ok,,LiteSpeed,,2026-08-18
hancockky.us,"Hancock County, KY",open,allowed,200,bare,,ok or not needed,ok,,Sucuri,,2026-08-18
perrycounty.in.gov,"Perry County, IN",open,allowed,200,bare,,ok or not needed,ok,,cloudflare,yes,2026-08-18
poseycountyin.gov,"Posey County, IN",open,allowed,200,bare,,ok or not needed,ok,,LiteSpeed,,2026-08-18
evansvillegov.org,"Vanderburgh County, IN",robots.txt exclusion,crawl-delay,200,bare,,ok or not needed,none,,nginx,,2026-07-19
vermilliongov.us,"Vermillion County, IN",open,allowed,200,bare,,ok or not needed,ok,,Apache,,2026-08-19
vigocounty.in.gov,"Vigo County, IN",robots.txt exclusion,crawl-delay,200,bare,,ok or not needed,none,,nginx,,2026-07-19
warrickcounty.gov,"Warrick County, IN",open,allowed,200,bare,,ok or not needed,ok,,nginx,,2026-08-18
dallam.org,"Dallam County, TX",open,allowed,200,bare,,ok or not needed,ok,,LiteSpeed,,2026-08-18
shermancountytx.gov,"Sherman County, TX",open,allowed,200,www,,ok or not needed,ok,,,,2026-09-09
co.hansford.tx.us,"Hansford County, TX",open,allowed,200,bare,,ok or not needed,ok,,,,2026-08-19
co.ochiltree.tx.us,"Ochiltree County, TX",open,allowed,200,www,,ok or not needed,ok,,,,2026-08-18
co.lipscomb.tx.us,"Lipscomb County, TX",open,allowed,200,www,,ok or not needed,ok,,,,2026-08-19
co.hartley.tx.us,"Hartley County, TX",open,allowed,200,www,,ok or not needed,ok,,,,2026-08-18
co.moore.tx.us,"Moore County, TX",open,allowed,200,www,,ok or not needed,ok,,,,2026-08-18
co.hutchinson.tx.us,"Hutchinson County, TX",open,allowed,200,www,,ok or not needed,ok,,,,2026-08-18
co.roberts.tx.us,"Roberts County, TX",open,allowed,200,www,,ok or not needed,ok,,,,2026-08-18
co.hemphill.tx.us,"Hemphill County, TX",open,allowed,200,www,,ok or not needed,ok,,,,2026-08-19
co.oldham.tx.us,"Oldham County, TX",open,allowed,200,bare,,ok or not needed,ok,,,,2026-08-19
co.potter.tx.us,"Potter County, TX",open,allowed,200,bare,,ok or not needed,ok,,,,2026-08-19
co.carson.tx.us,"Carson County, TX",open,allowed,200,www,,ok or not needed,ok,,,,2026-08-18
co.gray.tx.us,"Gray County, TX",open,allowed,200,www,,ok or not needed,ok,,,,2026-08-18
wheelercounty.texas.gov,"Wheeler County, TX",open,allowed,200,bare,,ok or not needed,ok,,,,2026-08-19
co.deaf-smith.tx.us,"Deaf Smith County, TX",open,allowed,200,www,,ok or not needed,ok,,,,2026-08-18
randallcounty.gov,"Randall County, TX",open,allowed,200,bare,,ok or not needed,ok,,Microsoft-IIS,,2026-08-18
co.armstrong.tx.us,"Armstrong County, TX",open,allowed,200,www,,ok or not needed,ok,,,,2026-08-18
co.donley.tx.us,"Donley County, TX",open,allowed,200,bare,,ok or not needed,ok,,,,2026-08-18
co.collingsworth.tx.us,"Collingsworth County, TX",open,allowed,200,www,,ok or not needed,ok,,,,2026-08-19
parmercounty.texas.gov,"Parmer County, TX",open,allowed,200,bare,,ok or not needed,ok,,cloudflare,yes,2026-08-18
co.castro.tx.us,"Castro County, TX",open,allowed,200,www,,ok or not needed,ok,,,,2026-08-18
co.swisher.tx.us,"Swisher County, TX",open,allowed,200,www,,ok or not needed,ok,,,,2026-09-13
co.briscoe.tx.us,"Briscoe County, TX",open,allowed,200,www,,ok or not needed,ok,,,,2026-08-19
co.hall.tx.us,"Hall County, TX",open,allowed,200,www,,ok or not needed,ok,,,,2026-09-13
childresstx.us,"Childress County, TX",open,allowed,200,www,,ok or not needed,ok,,Apache,,2026-08-18
co.bailey.tx.us,"Bailey County, TX",open,allowed,200,www,,ok or not needed,ok,,,,2026-08-18
co.lamb.tx.us,"Lamb County, TX",open,allowed,200,bare,,ok or not needed,ok,,,,2026-08-19
halecounty.org,"Hale County, TX",robots.txt exclusion,disallowed,200,bare,,ok or not needed,ok,,,,2026-08-18
co.floyd.tx.us,"Floyd County, TX",open,allowed,200,www,,ok or not needed,ok,,,,2026-08-18
co.motley.tx.us,"Motley County, TX",open,allowed,200,www,,ok or not needed,ok,,,,2026-08-18
cottlecountytx.gov,"Cottle County, TX",open,allowed,200,www,,ok or not needed,ok,,,,2026-09-09
co.hardeman.tx.us,"Hardeman County, TX",open,allowed,200,www,,ok or not needed,ok,,,,2026-08-19
co.cochran.tx.us,"Cochran County, TX",open,allowed,200,www,,ok or not needed,ok,,,,2026-08-18
co.hockley.tx.us,"Hockley County, TX",open,allowed,200,bare,,ok or not needed,ok,,,,2026-09-13
lubbockcounty.gov,"Lubbock County, TX",robots.txt exclusion,crawl-delay,200,bare,,ok or not needed,none,,nginx,,2026-07-19
co.crosby.tx.us,"Crosby County, TX",open,allowed,200,www,,ok or not needed,ok,,,,2026-08-19
co.dickens.tx.us,"Dickens County, TX",open,allowed,200,www,,ok or not needed,ok,,,,2026-08-18
co.king.tx.us,"King County, TX",open,allowed,200,www,,ok or not needed,ok,,,,2026-08-18
knoxcountytexas.org,"Knox County, TX",open,allowed,200,www,,ok or not needed,ok,,cloudflare,yes,2026-09-09
foardcounty.texas.gov,"Foard County, TX",open,allowed,200,bare,,ok or not needed,ok,,,,2026-08-18
yoakumcounty.gov,"Yoakum County, TX",open,allowed,200,www,,ok or not needed,ok,,,,2026-09-09
co.terry.tx.us,"Terry County, TX",open,allowed,200,www,,ok or not needed,ok,,,,2026-09-13
co.lynn.tx.us,"Lynn County, TX",open,allowed,200,www,,ok or not needed,ok,,,,2026-08-16
garzacounty.gov,"Garza County, TX",open,allowed,200,www,,ok or not needed,ok,,Microsoft-IIS,,2026-09-09
co.kent.tx.us,"Kent County, TX",open,allowed,200,bare,,ok or not needed,ok,,,,2026-08-18
stonewallcounty.org,"Stonewall County, TX",open,allowed,200,www,,ok or not needed,ok,,,,2026-08-18
co.gaines.tx.us,"Gaines County, TX",open,allowed,200,www,,ok or not needed,ok,,,,2026-09-13
co.dawson.tx.us,"Dawson County, TX",open,allowed,200,www,,ok or not needed,ok,,,,2026-08-19
co.borden.tx.us,"Borden County, TX",open,allowed,200,bare,,ok or not needed,ok,,,,2026-08-18
co.scurry.tx.us,"Scurry County, TX",open,allowed,200,www,,ok or not needed,ok,,,,2026-09-09
co.andrews.tx.us,"Andrews County, TX",open,allowed,200,bare,,ok or not needed,ok,,Microsoft-IIS,,2026-08-19
co.martin.tx.us,"Martin County, TX",open,allowed,200,bare-http,,ok or not needed,ok,,,,2026-09-09
co.howard.tx.us,"Howard County, TX",open,allowed,200,bare,,ok or not needed,ok,,cloudflare,yes,2026-08-19
co.mitchell.tx.us,"Mitchell County, TX",open,allowed,200,bare,,ok or not needed,ok,,,,2026-08-18
co.nolan.tx.us,"Nolan County, TX",open,allowed,200,www,,ok or not needed,ok,,,,2026-08-18
fishercounty.org,"Fisher County, TX",open,allowed,200,www,,ok or not needed,ok,,,,2026-08-19
co.jones.tx.us,"Jones County, TX",open,allowed,200,www,,ok or not needed,ok,,,,2026-08-18
haskellcountytx.gov,"Haskell County, TX",open,allowed,200,www,,ok or not needed,ok,,,,2026-08-19
co.hudspeth.tx.us,"Hudspeth County, TX",open,allowed,200,bare,,ok or not needed,ok,,,,2026-08-18
epcounty.com,"El Paso County, TX",open,allowed,200,bare,,ok or not needed,ok,,,,2026-08-18
co.culberson.tx.us,"Culberson County, TX",open,allowed,200,bare,,ok or not needed,ok,,,,2026-08-18
jeffdaviscounty.texas.gov,"Jeff Davis County, TX",open,allowed,200,www,,ok or not needed,ok,,,,2026-08-18
co.presidio.tx.us,"Presidio County, TX",open,allowed,200,www,,ok or not needed,ok,,,,2026-08-18
reevescounty.org,"Reeves County, TX",blocks basic request and headless browser,allowed,403,bare,denied-403,blocked (403),ok,Granicus govAccess (Akamai),AkamaiGHost,,2026-08-24
co.loving.tx.us,"Loving County, TX",open,allowed,200,bare,,ok or not needed,ok,,,,2026-08-19
boonecounty.in.gov,"Boone County, IN",open,allowed,200,bare,,ok or not needed,ok,,Apache,,2026-08-19
clintoncountyin.gov,"Clinton County, IN",open,allowed,200,bare,,ok or not needed,ok,,Microsoft-IIS,,2026-08-18
delawarecounty.in.gov,"Delaware County, IN",open,allowed,200,bare,,ok or not needed,ok,,,,2026-09-11
hamiltoncounty.in.gov,"Hamilton County, IN",open,allowed,200,bare,,ok or not needed,ok,,Microsoft-IIS,,2026-08-18
hancockin.gov,"Hancock County, IN",open,allowed,200,bare,,ok or not needed,ok,,,,2026-08-19
co.hendricks.in.us,"Hendricks County, IN",robots.txt exclusion,crawl-delay,200,www,,error,ok,,nginx,,2026-09-09
henrycounty.in.gov,"Henry County, IN",open,allowed,200,bare,,ok or not needed,ok,,cloudflare,yes,2026-08-18
madisoncounty.in.gov,"Madison County, IN",open,allowed,200,bare,,ok or not needed,ok,,Pepyaka,,2026-08-18
indy.gov,"Marion County, IN",open,allowed,200,bare,,ok or not needed,ok,,envoy,,2026-08-19
rushcounty.in.gov,"Rush County, IN",open,allowed,200,bare,,ok or not needed,ok,,cloudflare,yes,2026-09-12
tiptongov.com,"Tipton County, IN",robots.txt exclusion,crawl-delay,200,bare,,ok or not needed,ok,,nginx,,2026-08-11
brewstercounty.gov,"Brewster County, TX",open,allowed,200,bare,,ok or not needed,ok,,,,2026-08-18
co.ward.tx.us,"Ward County, TX",open,allowed,200,www,,ok or not needed,ok,,,,2026-09-13
co.winkler.tx.us,"Winkler County, TX",open,allowed,200,bare,,ok or not needed,ok,,cloudflare,yes,2026-08-18
co.pecos.tx.us,"Pecos County, TX",open,allowed,200,www,,ok or not needed,ok,,Apache,,2026-09-09
co.crane.tx.us,"Crane County, TX",open,allowed,200,bare,,ok or not needed,ok,,,,2026-08-18
co.terrell.tx.us,"Terrell County, TX",open,allowed,200,www,,ok or not needed,ok,,,,2026-08-18
valverdecounty.texas.gov,"Val Verde County, TX",open,allowed,200,bare,,ok or not needed,ok,,Microsoft-IIS,,2026-08-18
co.crockett.tx.us,"Crockett County, TX",open,allowed,200,www,,ok or not needed,ok,,,,2026-08-18
co.upton.tx.us,"Upton County, TX",open,allowed,200,www,,ok or not needed,ok,,,,2026-08-19
co.glasscock.tx.us,"Glasscock County, TX",open,allowed,200,bare,,ok or not needed,ok,,,,2026-08-18
co.reagan.tx.us,"Reagan County, TX",open,allowed,200,www,,ok or not needed,ok,,,,2026-08-18
sterlingcotx.gov,"Sterling County, TX",open,allowed,200,www,,ok or not needed,ok,,,,2026-09-09
co.irion.tx.us,"Irion County, TX",open,allowed,200,bare,,ok or not needed,ok,,cloudflare,yes,2026-08-18
co.coke.tx.us,"Coke County, TX",open,allowed,200,www,,ok or not needed,ok,,,,2026-08-19
tomgreencountytx.gov,"Tom Green County, TX",open,allowed,200,bare,,ok or not needed,ok,,Microsoft-IIS,,2026-08-19
schleichercounty.gov,"Schleicher County, TX",open,allowed,200,bare,,ok or not needed,ok,,,,2026-08-17
co.sutton.tx.us,"Sutton County, TX",open,allowed,200,bare,,ok or not needed,ok,,,,2026-08-18
bentoncountyar.gov,"Benton County, AR",blocks basic request,allowed,403,bare,cloudflare-challenge,ok or not needed,none,Cloudflare (other sites),cloudflare,yes,2026-07-25
boonecountyar.com,"Boone County, AR",open,allowed,200,bare,,ok or not needed,ok,,Server,,2026-09-13
carrollcounty.us,"Carroll County, AR",open,allowed,200,bare-http,,ok or not needed,ok,,Microsoft-IIS,,2026-09-09
baxtercountyar.gov,"Baxter County, AR",open,allowed,200,bare,,ok or not needed,ok,,Apache,,2026-08-19
claycountyarkansas.org,"Clay County, AR",open,allowed,200,www,,error,ok,,nginx,,2026-08-18
craigheadcountyar.gov,"Craighead County, AR",broken or unreachable,allowed,error,bare,,ok or not needed,ok,,,,2026-08-18
crawfordcountyar.gov,"Crawford County, AR",open,allowed,200,bare,,ok or not needed,ok,,cloudflare,yes,2026-08-18
crittendencountyar.org,"Crittenden County, AR",open,allowed,200,bare,,ok or not needed,ok,,cloudflare,yes,2026-08-19
crosscountyar.org,"Cross County, AR",open,allowed,200,bare,,ok or not needed,ok,,Server,,2026-08-18
delaware.okcounties.org,"Delaware County, OK",open,allowed,200,bare,,ok or not needed,ok,,nginx,,2026-09-11
fultoncountyar.gov,"Fulton County, AR",open,allowed,200,bare,,ok or not needed,ok,,Server,,2026-08-19
greenecounty.arkansas.gov,"Greene County, AR",open,allowed,200,bare,,ok or not needed,ok,,cloudflare,yes,2026-08-18
independencecounty.com,"Independence County, AR",open,allowed,200,www,,ok or not needed,ok,,Apache,,2026-08-18
izardcountyar.org,"Izard County, AR",open,allowed,200,bare,,ok or not needed,ok,,Server,,2026-08-18
jacksoncountyar.com,"Jackson County, AR",blocks basic request,allowed,202,bare,captcha-challenge,ok or not needed,ok,SiteGround captcha,nginx,,2026-08-18
lawrencecountyarkansas.com,"Lawrence County, AR",open,allowed,200,bare,,ok or not needed,ok,,Apache,,2026-08-19
leecountyar.gov,"Lee County, AR",open,allowed,200,bare,,ok or not needed,ok,,,,2026-08-18
logancountyark.org,"Logan County, AR",open,allowed,200,bare,,ok or not needed,ok,,cloudflare,yes,2026-08-19
madisoncountyar.gov,"Madison County, AR",open,allowed,200,bare,,ok or not needed,ok,,cloudflare,yes,2026-09-09
marioncounty.arkansas.gov,"Marion County, AR",open,allowed,200,bare,,ok or not needed,ok,,nginx,,2026-08-18
mississippicountyar.org,"Mississippi County, AR",open,allowed,200,bare,,ok or not needed,ok,,Server,,2026-08-18
ottawaok.gov,"Ottawa County, OK",open,allowed,200,bare,,ok or not needed,ok,,nginx,,2026-09-09
poinsettar.gov,"Poinsett County, AR",open,allowed,200,bare,,ok or not needed,ok,,,,2026-08-18
stfranciscountyar.gov,"St. Francis County, AR",open,allowed,200,bare,,ok or not needed,ok,,Apache,,2026-08-18
searcyco.org,"Searcy County, AR",blocks basic request,allowed,202,bare,captcha-challenge,ok or not needed,ok,Cloudflare (other sites),cloudflare,yes,2026-08-24
sebastiancountyar.gov,"Sebastian County, AR",open,allowed,200,bare,,ok or not needed,ok,,,,2026-08-18
stonecountyar.gov,"Stone County, AR",open,allowed,200,bare,,ok or not needed,ok,,Server,,2026-08-18
vanburencountyar.gov,"Van Buren County, AR",open,allowed,200,bare,,ok or not needed,ok,,Squarespace,,2026-08-19
washingtoncountyar.gov,"Washington County, AR",blocks basic request and headless browser,allowed,403,bare,denied-403,blocked (403),ok,Granicus govAccess (Akamai),AkamaiGHost,,2026-08-24
whitecounty.ar.gov,"White County, AR",open,allowed,200,bare,,ok or not needed,ok,,Pepyaka,,2026-08-19
woodruffcountyar.gov,"Woodruff County, AR",open,allowed,200,bare,,ok or not needed,ok,,Server,,2026-08-18
alfalfa.okcounties.org,"Alfalfa County, OK",open,allowed,200,bare,,ok or not needed,ok,,nginx,,2026-08-18
beaver.okcounties.org,"Beaver County, OK",open,allowed,200,bare,,ok or not needed,ok,,nginx,,2026-08-18
grant.okcounties.org,"Grant County, OK",open,allowed,200,bare,,ok or not needed,ok,,nginx,,2026-08-18
courthouse.kay.ok.us,"Kay County, OK",open,allowed,200,bare,,ok or not needed,ok,,Microsoft-IIS,,2026-08-19
nowataok.gov,"Nowata County, OK",open,allowed,200,bare,,ok or not needed,ok,,nginx,,2026-09-13
osage.okcounties.org,"Osage County, OK",open,allowed,200,bare,,ok or not needed,ok,,nginx,,2026-08-18
texas.okcounties.org,"Texas County, OK",open,allowed,200,bare,,ok or not needed,ok,,nginx,,2026-08-18
washingtoncountyok.gov,"Washington County, OK",open,allowed,200,bare,,ok or not needed,ok,,cloudflare,yes,2026-09-09
lrcounty.org,"Little River County, AR",open,allowed,200,bare,,ok or not needed,ok,,Apache,,2026-08-18
mccurtain.okcounties.org,"McCurtain County, OK",open,allowed,200,bare,,ok or not needed,ok,,nginx,,2026-08-18
scottcountyar.com,"Scott County, AR",open,allowed,200,bare,,ok or not needed,ok,,cloudflare,yes,2026-08-18
sequoyah.okcounties.org,"Sequoyah County, OK",open,allowed,200,bare,,ok or not needed,ok,,nginx,,2026-09-09
seviercountyar.org,"Sevier County, AR",open,allowed,200,bare,,ok or not needed,ok,,Apache,,2026-08-19
beckham.okcounties.org,"Beckham County, OK",open,allowed,200,bare,,ok or not needed,ok,,nginx,,2026-09-09
blaine.okcounties.org,"Blaine County, OK",open,allowed,200,bare,,ok or not needed,ok,,nginx,,2026-08-18
bryan.okcounties.org,"Bryan County, OK",open,allowed,200,bare,,ok or not needed,ok,,nginx,,2026-08-19
canadiancounty.org,"Canadian County, OK",open,allowed,200,bare,,ok or not needed,ok,,,,2026-08-18
cartercountyok.us,"Carter County, OK",open,allowed,200,bare,,ok or not needed,ok,,,,2026-08-18
cherokee.okcounties.org,"Cherokee County, OK",open,allowed,200,bare,,ok or not needed,ok,,nginx,,2026-08-18
clevelandcountyok.com,"Cleveland County, OK",open,allowed,200,bare,,ok or not needed,ok,,Microsoft-IIS,,2026-08-18
coal.okcounties.org,"Coal County, OK",open,allowed,200,bare,,ok or not needed,ok,,nginx,,2026-08-19
comanchecountyok.gov,"Comanche County, OK",open,allowed,200,bare,,ok or not needed,ok,,cloudflare,yes,2026-08-18
creekcountyonline.com,"Creek County, OK",open,allowed,200,bare,,ok or not needed,ok,,Server,,2026-08-19
custer.okcounties.org,"Custer County, OK",open,allowed,200,bare,,ok or not needed,ok,,nginx,,2026-08-19
garfieldok.com,"Garfield County, OK",open,allowed,200,bare,,ok or not needed,ok,,Squarespace,,2026-08-18
gradycountyok.com,"Grady County, OK",open,allowed,200,bare,,ok or not needed,ok,,cloudflare,yes,2026-08-18
greer.okcounties.org,"Greer County, OK",open,allowed,200,bare,,ok or not needed,ok,,nginx,,2026-08-18
jacksoncountyok.com,"Jackson County, OK",robots.txt exclusion,disallowed,200,bare,,ok or not needed,failed,,,,2026-08-18
johnston.okcounties.org,"Johnston County, OK",open,allowed,200,bare,,ok or not needed,ok,,nginx,,2026-08-18
kingfisher.okcounties.org,"Kingfisher County, OK",open,allowed,200,bare,,ok or not needed,ok,,nginx,,2026-08-18
kiowacountyok.us,"Kiowa County, OK",open,allowed,200,bare,,ok or not needed,ok,,Apache,,2026-08-19
latimer.okcounties.org,"Latimer County, OK",open,allowed,200,bare,,ok or not needed,ok,,nginx,,2026-09-13
lincolncountyok.org,"Lincoln County, OK",open,allowed,200,bare,,ok or not needed,ok,,nginx,,2026-08-16
logancountyok.com,"Logan County, OK",open,allowed,200,bare,,ok or not needed,ok,,Microsoft-IIS,,2026-08-19
love.okcounties.org,"Love County, OK",open,allowed,200,bare,,ok or not needed,ok,,nginx,,2026-08-18
majorcountyok.org,"Major County, OK",blocks basic request,allowed,202,bare,captcha-challenge,ok or not needed,ok,Cloudflare (other sites),cloudflare,yes,2026-08-19
marshall.okcounties.org,"Marshall County, OK",open,allowed,200,bare,,ok or not needed,ok,,nginx,,2026-08-18
mayes.okcounties.org,"Mayes County, OK",open,allowed,200,bare,,ok or not needed,ok,,nginx,,2026-08-17
mcclain-co-ok.us,"McClain County, OK",blocks basic request,allowed,202,bare,captcha-challenge,ok or not needed,ok,SiteGround captcha,nginx,,2026-08-18
mcintosh.okcounties.org,"McIntosh County, OK",open,allowed,200,bare,,ok or not needed,ok,,nginx,,2026-08-18
muskogee.okcounties.org,"Muskogee County, OK",open,allowed,200,bare,,ok or not needed,ok,,nginx,,2026-08-18
noblecountyok.com,"Noble County, OK",open,allowed,200,bare,,ok or not needed,ok,,Apache,,2026-09-11
oklahomacounty.org,"Oklahoma County, OK",open,allowed,200,bare,,ok or not needed,ok,,,,2026-08-18
okmulgeeonline.com,"Okmulgee County, OK",open,allowed,200,bare,,ok or not needed,ok,,cloudflare,yes,2026-08-16
pawneecountyok.org,"Pawnee County, OK",open,allowed,200,bare,,ok or not needed,ok,,Apache,,2026-08-18
paynecounty.org,"Payne County, OK",open,allowed,200,bare,,ok or not needed,ok,,Squarespace,,2026-09-11
pittsburg.okcounties.org,"Pittsburg County, OK",open,allowed,200,bare,,ok or not needed,ok,,nginx,,2026-08-18
pontotoc.okcounties.org,"Pontotoc County, OK",open,allowed,200,bare,,ok or not needed,ok,,nginx,,2026-08-19
pottawatomiecountyok.gov,"Pottawatomie County, OK",open,allowed,200,bare,,ok or not needed,ok,,cloudflare,yes,2026-09-11
rogerscounty.org,"Rogers County, OK",open,allowed,200,bare,,ok or not needed,ok,,,,2026-08-18
seminolecountyok.com,"Seminole County, OK",open,allowed,200,bare,,ok or not needed,ok,,Apache,,2026-08-19
tillman.okcounties.org,"Tillman County, OK",open,allowed,200,bare,,ok or not needed,ok,,nginx,,2026-08-19
tulsacounty.org,"Tulsa, OK",open,allowed,200,bare,,ok or not needed,ok,,cloudflare,yes,2026-08-19
wagonercounty.ok.gov,"Wagoner County, OK",open,allowed,200,bare,,ok or not needed,ok,,,,2026-08-19
woodward.okcounties.org,"Woodward County, OK",open,allowed,200,bare,,ok or not needed,ok,,nginx,,2026-08-18
cleburnecountyar.com,"Cleburne County, AR",open,allowed,200,bare,,ok or not needed,ok,,Pepyaka,,2026-08-18
conwaycountyar.com,"Conway County, AR",open,allowed,200,bare,,ok or not needed,ok,,Apache,,2026-08-19
faulknercountyar.gov,"Faulkner County, AR",open,allowed,200,bare,,ok or not needed,ok,,cloudflare,yes,2026-08-19
popecountyar.gov,"Pope County, AR",open,allowed,200,bare,,ok or not needed,ok,,Server,,2026-08-18
johnsoncounty.arkansas.gov,"Johnson County, AR",blocks basic request,allowed,403,bare,denied-403,ok or not needed,ok,Unknown platform on Google Cloud,nginx,,2026-08-19
yellcountyar.gov,"Yell County, AR",open,allowed,200,bare,,ok or not needed,ok,,cloudflare,yes,2026-08-19
garlandcounty.org,"Garland County, AR",open,allowed,200,bare,,ok or not needed,ok,,cloudflare,yes,2026-09-11
grantcountyar.com,"Grant County, AR",blocks basic request,allowed,202,bare,captcha-challenge,ok or not needed,ok,Cloudflare (other sites),cloudflare,yes,2026-08-24
jeffersoncountyar.gov,"Jefferson County, AR",blocks basic request and headless browser,allowed,403,bare,denied-403,blocked (403),ok,Granicus govAccess (Akamai),AkamaiGHost,,2026-08-24
perrycoarkansas.org,"Perry County, AR",open,allowed,200,bare,,ok or not needed,ok,,Apache,,2026-08-18
pulaskicounty.net,"Pulaski County, AR",open,allowed,200,bare,,ok or not needed,ok,,,,2026-09-09
salinecounty.org,"Saline County, AR",open,allowed,200,bare,,ok or not needed,ok,,,,2026-08-19
clarkcountyar.gov,"Clark County, AR",open,allowed,200,bare,,ok or not needed,ok,,Apache,,2026-08-18
hotspringcounty.org,"Hot Spring County, AR",blocks everything,allowed,202,bare,captcha-challenge,not reached,403,SiteGround captcha,nginx,,2026-09-13
lincolnarkansas.com,"Lincoln County, AR",blocks basic request and headless browser,allowed,403,bare,cloudflare-challenge,blocked (403),ok,Cloudflare (other sites),cloudflare,yes,2026-08-24
ashleycountyar.com,"Ashley County, AR",open,allowed,200,bare,,ok or not needed,ok,,Apache,,2026-08-18
calhouncountyar.com,"Calhoun County, AR",robots.txt exclusion,disallowed,200,bare,,ok or not needed,none,,AmazonS3,,2026-07-19
countyofcolumbia.org,"Columbia County, AR",open,allowed,200,bare,,ok or not needed,ok,,cloudflare,yes,2026-08-24
drewcoar.com,"Drew County, AR",open,allowed,200,bare,,ok or not needed,ok,,Apache,,2026-08-18
hempsteadcountyar.com,"Hempstead County, AR",blocks basic request,allowed,202,bare,captcha-challenge,ok or not needed,ok,SiteGround captcha,nginx,,2026-08-19
pikecountyar.org,"Pike County, AR",blocks everything,allowed,202,bare,captcha-challenge,not reached,403,SiteGround captcha,nginx,,2026-09-12
unioncountyar.com,"Union County, AR",open,allowed,200,bare,,ok or not needed,ok,,Apache,,2026-08-19
uppj.org,"Union Parish, LA",open,allowed,200,bare,,ok or not needed,ok,,Apache,,2026-08-18
co.wilbarger.tx.us,"Wilbarger County, TX",open,allowed,200,bare,,ok or not needed,ok,,,,2026-08-18
co.edwards.tx.us,"Edwards County, TX",open,allowed,200,bare,,ok or not needed,ok,,,,2026-08-18
co.kinney.tx.us,"Kinney County, TX",open,allowed,200,bare,,ok or not needed,ok,,,,2026-08-18
co.maverick.tx.us,"Maverick County, TX",open,allowed,200,bare,,ok or not needed,ok,,,,2026-08-16
dimmitcounty.org,"Dimmit County, TX",open,allowed,200,bare,,ok or not needed,ok,,,,2026-08-19
uvaldecounty.gov,"Uvalde County, TX",open,allowed,200,bare,,ok or not needed,ok,,cloudflare,yes,2026-09-13
co.zavala.tx.us,"Zavala County, TX",open,allowed,200,www,,ok or not needed,ok,,Microsoft-IIS,,2026-09-09
co.real.tx.us,"Real County, TX",open,allowed,200,www,,ok or not needed,ok,,,,2026-08-19
co.kimble.tx.us,"Kimble County, TX",open,allowed,200,bare,,ok or not needed,ok,,,,2026-08-18
co.menard.tx.us,"Menard County, TX",open,allowed,200,www,,ok or not needed,ok,,,,2026-08-18
co.concho.tx.us,"Concho County, TX",open,allowed,200,www,,ok or not needed,ok,,,,2026-08-18
runnelscounty.org,"Runnels County, TX",open,allowed,200,bare,,ok or not needed,ok,,,,2026-08-18
taylorcounty.texas.gov,"Taylor County, TX",open,allowed,200,bare,,ok or not needed,ok,,,,2026-08-18
shackelfordcounty.org,"Shackelford County, TX",open,allowed,200,www,,ok or not needed,ok,,,,2026-08-18
throckmortoncounty.org,"Throckmorton County, TX",open,allowed,200,www,,ok or not needed,ok,,,,2026-08-18
co.baylor.tx.us,"Baylor County, TX",open,allowed,200,www,,ok or not needed,ok,,,,2026-08-19
wichitacountytx.com,"Wichita County, TX",blocks basic request,allowed,403,bare,denied-403,error,ok,Cloudflare (other sites),cloudflare,yes,2026-08-18
co.archer.tx.us,"Archer County, TX",open,allowed,200,www,,ok or not needed,ok,,,,2026-08-18
co.young.tx.us,"Young County, TX",open,allowed,200,www,,ok or not needed,ok,,,,2026-08-18
co.stephens.tx.us,"Stephens County, TX",open,allowed,200,www,,ok or not needed,ok,,,,2026-09-12
eastlandcounty.gov,"Eastland County, TX",open,allowed,200,www,,ok or not needed,ok,,cloudflare,yes,2026-09-09
callahancounty.org,"Callahan County, TX",open,allowed,200,www,,ok or not needed,ok,,,,2026-08-18
colemancounty.gov,"Coleman County, TX",open,allowed,200,www,,ok or not needed,ok,,,,2026-09-09
co.mcculloch.tx.us,"McCulloch County, TX",open,allowed,200,www,,ok or not needed,ok,,,,2026-08-18
co.mason.tx.us,"Mason County, TX",open,allowed,200,www,,ok or not needed,ok,,,,2026-08-18
gillespiecounty.gov,"Gillespie County, TX",open,allowed,200,www,,ok or not needed,ok,,cloudflare,yes,2026-09-09
kerrcountytx.gov,"Kerr County, TX",open,allowed,200,bare,,ok or not needed,ok,,nginx,,2026-08-19
co.la-salle.tx.us,"La Salle County, TX",open,allowed,200,bare,,ok or not needed,ok,,Apache,,2026-08-18
webbcountytx.gov,"Webb County, TX",open,allowed,200,bare,,ok or not needed,ok,,cloudflare,yes,2026-08-18
co.zapata.tx.us,"Zapata County, TX",open,allowed,200,www,,ok or not needed,ok,,,,2026-08-19
portal.arkansas.gov,"Lafayette County, AR",open,allowed,200,bare,,ok or not needed,ok,,cloudflare,yes,2026-08-27
bossierparishla.gov,"Bossier Parish, LA",open,allowed,200,bare,,ok or not needed,ok,,,,2026-08-18
caddo.gov,"Caddo Parish, LA",open,allowed,200,bare,,ok or not needed,ok,,LiteSpeed,,2026-08-18
claiborneone.org,"Claiborne Parish, LA",open,allowed,200,bare,,error,ok,,Apache,,2026-08-18
desotoppj.com,"DeSoto Parish, LA",open,allowed,200,bare,,ok or not needed,ok,,,,2026-08-18
millercountyar.gov,"Miller County, AR",blocks basic request,allowed,202,bare,captcha-challenge,ok or not needed,ok,Cloudflare (other sites),cloudflare,yes,2026-08-19
co.panola.tx.us,"Panola County, TX",open,allowed,200,bare,,ok or not needed,ok,,cloudflare,yes,2026-08-18
websterparishla.org,"Webster Parish, LA",open,allowed,200,www,,ok or not needed,ok,,WWW Server,,2026-08-18
bowiecounty.org,"Bowie County, TX",open,allowed,200,www,,ok or not needed,ok,,cloudflare,yes,2026-09-09
co.red-river.tx.us,"Red River County, TX",open,allowed,200,www,,ok or not needed,ok,,,,2026-08-18
co.starr.tx.us,"Starr County, TX",open,allowed,200,bare,,ok or not needed,ok,,,,2026-08-19
co.jim-hogg.tx.us,"Jim Hogg County, TX",open,allowed,200,www,,ok or not needed,ok,,,,2026-08-19
co.duval.tx.us,"Duval County, TX",open,allowed,200,bare,,ok or not needed,ok,,,,2026-08-18
mcmullencounty.org,"McMullen County, TX",open,allowed,200,bare,,ok or not needed,ok,,nginx,,2026-08-19
hidalgocounty.us,"Hidalgo County, TX",open,allowed,200,www,,ok or not needed,ok,,cloudflare,yes,2026-09-09
cameroncountytx.gov,"Cameron County, TX",open,allowed,200,bare,,ok or not needed,ok,,Sucuri,,2026-09-12
willacy.gov,"Willacy County, TX",open,allowed,200,www,,ok or not needed,ok,,,,2026-09-09
kenedycountytx.gov,"Kenedy County, TX",open,allowed,200,bare,,ok or not needed,ok,,,,2026-08-18
co.brooks.tx.us,"Brooks County, TX",open,allowed,200,www,,ok or not needed,ok,,,,2026-08-19
co.jim-wells.tx.us,"Jim Wells County, TX",open,allowed,200,www,,error,ok,,Microsoft-IIS,,2026-08-24
co.kleberg.tx.us,"Kleberg County, TX",open,allowed,200,www,,ok or not needed,ok,,,,2026-08-18
nuecesco.com,"Nueces County, TX",blocks basic request and headless browser,allowed,403,bare,denied-403,blocked (403),ok,Granicus govAccess (Akamai),AkamaiGHost,,2026-08-24
sanpatriciocountytx.gov,"San Patricio County, TX",open,allowed,200,www,,ok or not needed,ok,,,,2026-09-09
aransascountytx.gov,"Aransas County, TX",open,allowed,200,bare,,ok or not needed,ok,,,,2026-08-18
co.refugio.tx.us,"Refugio County, TX",open,allowed,200,www,,ok or not needed,ok,,,,2026-08-18
beecounty.gov,"Bee County, TX",open,allowed,200,www,,ok or not needed,ok,,,,2026-09-09
co.live-oak.tx.us,"Live Oak County, TX",open,allowed,200,www,,ok or not needed,ok,,,,2026-08-18
co.goliad.tx.us,"Goliad County, TX",open,allowed,200,www,,ok or not needed,ok,,,,2026-08-19
co.karnes.tx.us,"Karnes County, TX",open,allowed,200,www,,ok or not needed,ok,,,,2026-08-19
calhouncotx.org,"Calhoun County, TX",open,allowed,200,www,,ok or not needed,ok,,Microsoft-IIS,,2026-09-11
vctx.org,"Victoria County, TX",open,allowed,200,bare,,ok or not needed,ok,,Microsoft-IIS,,2026-08-19
co.dewitt.tx.us,"DeWitt County, TX",open,allowed,200,www,,ok or not needed,ok,,,,2026-08-18
co.gonzales.tx.us,"Gonzales County, TX",open,allowed,200,www,,ok or not needed,ok,,,,2026-08-18
dyercounty.com,"Dyer County, TN",open,allowed,200,bare,,ok or not needed,ok,,nginx,,2026-08-18
haywoodtn.gov,"Haywood County, TN",open,allowed,200,bare,,ok or not needed,ok,,cloudflare,yes,2026-08-18
lauderdaletn.com,"Lauderdale County, TN",open,allowed,200,bare,,ok or not needed,ok,,DPS,,2026-08-18
tiptonco.com,"Tipton County, TN",open,allowed,200,bare,,ok or not needed,ok,,,,2026-09-12
washingtoncounty.ms,"Washington County, MS",open,allowed,200,www,,ok or not needed,ok,,Apache,,2026-08-18
co.bolivar.ms.us,"Bolivar County, MS",open,allowed,200,bare,,ok or not needed,ok,,Apache,,2026-09-09
shelbycountytn.gov,"Shelby County, TN",open,allowed,200,bare,,ok or not needed,ok,,cloudflare,yes,2026-08-18
bentoncountyms.gov,"Benton County, MS",open,allowed,200,bare,,ok or not needed,ok,,cloudflare,yes,2026-08-18
coahomacounty.net,"Coahoma County, MS",open,allowed,200,bare,,ok or not needed,ok,,Sucuri,,2026-08-19
desotocountyms.gov,"DeSoto County, MS",open,allowed,200,bare,,ok or not needed,ok,,,,2026-08-19
fayettetn.us,"Fayette County, TN",open,allowed,200,bare,,ok or not needed,ok,,Sucuri,,2026-08-18
marshall-county.com,"Marshall County, MS",open,allowed,200,bare,,ok or not needed,ok,,Apache,,2026-08-18
co.tippah.ms.us,"Tippah County, MS",open,allowed,200,bare,,ok or not needed,ok,,Apache,,2026-08-19
tunicacountymississippi.com,"Tunica County, MS",open,allowed,200,bare,,ok or not needed,ok,,cloudflare,yes,2026-08-18
apachecountyaz.gov,"Apache County, AZ",blocks everything,allowed,403,bare,denied-403,not reached,403,Cloudflare (other sites),cloudflare,yes,2026-08-18
bernco.gov,"Bernalillo County, NM",blocks basic request and headless browser,allowed,403,bare,denied-403,blocked (403),ok,AWS CloudFront (other sites),CloudFront,,2026-08-24
catroncounty.us,"Catron County, NM",robots.txt exclusion,disallowed,200,bare,,ok or not needed,none,,,,2026-07-19
chavescounty.gov,"Chaves County, NM",blocks basic request and headless browser,allowed,403,bare,denied-403,blocked (403),ok,Granicus govAccess (Akamai),AkamaiGHost,,2026-08-24
cibolacountynm.com,"Cibola County, NM",open,allowed,200,bare,,ok or not needed,ok,,,,2026-08-19
cochise.az.gov,"Cochise County, AZ",open,allowed,200,bare,,ok or not needed,ok,,cloudflare,yes,2026-08-18
coconino.az.gov,"Coconino County, AZ",blocks basic request,allowed,403,bare,cloudflare-challenge,ok or not needed,ok,Cloudflare (other sites),cloudflare,yes,2026-08-18
currycountynm.gov,"Curry County, NM",blocks basic request and headless browser,allowed,403,bare,denied-403,blocked (403),ok,Granicus govAccess (Akamai),AkamaiGHost,,2026-08-24
debaca.nmgenweb.us,"De Baca County, NM",blocks everything,allowed,200,bare,,not reached,403,Other,hcdn,,2026-09-09
donaana.gov,"Doña Ana County, NM",open,allowed,200,www,,ok or not needed,ok,,,,2026-09-09
eddycountynm.gov,"Eddy County, NM",open,allowed,200,www,,ok or not needed,ok,,Microsoft-IIS,,2026-09-11
gilacountyaz.gov,"Gila County, AZ",open,allowed,200,bare,,ok or not needed,ok,,cloudflare,yes,2026-08-18
graham.az.gov,"Graham County, AZ",blocks basic request and headless browser,allowed,403,bare,cloudflare-challenge,blocked (403),ok,Cloudflare (other sites),cloudflare,yes,2026-08-24
grantcountynm.gov,"Grant County, NM",open,allowed,200,bare,,ok or not needed,ok,,,,2026-08-18
greenlee.az.gov,"Greenlee County, AZ",open,allowed,200,bare,,ok or not needed,ok,,Apache,,2026-08-18
guadalupecountynm.org,"Guadalupe County, NM",open,allowed,200,bare,,ok or not needed,ok,,cloudflare,yes,2026-08-18
hardingcounty.org,"Harding County, NM",open,allowed,200,bare,,ok or not needed,ok,,,,2026-08-17
hidalgocounty.org,"Hidalgo County, NM",open,allowed,307,bare,,ok or not needed,ok,,Sucuri,,2026-09-11
lapaz.gov,"La Paz County, AZ",open,allowed,200,bare,,ok or not needed,ok,,Microsoft-IIS,,2026-08-18
leacounty.gov,"Lea County, NM",open,allowed,200,www,,ok or not needed,ok,,,,2026-09-11
lincolncountynm.gov,"Lincoln County, NM",open,allowed,200,bare,,ok or not needed,ok,,,,2026-08-18
lunacounty.gov,"Luna County, NM",open,allowed,200,www,,ok or not needed,ok,,cloudflare,yes,2026-09-09
maricopa.gov,"Maricopa County, AZ",open,allowed,200,bare,,ok or not needed,ok,,cloudflare,yes,2026-08-19
co.mckinley.nm.us,"McKinley County, NM",open,allowed,200,bare,,ok or not needed,ok,,,,2026-08-24
mohave.gov,"Mohave County, AZ",open,allowed,200,bare,,ok or not needed,ok,,,,2026-08-18
navajocountyaz.gov,"Navajo County, AZ",open,allowed,200,bare,,ok or not needed,ok,,cloudflare,yes,2026-08-18
co.otero.nm.us,"Otero County, NM",open,allowed,200,bare,,ok or not needed,ok,,,,2026-08-19
pima.gov,"Pima County, AZ",open,allowed,200,bare,,ok or not needed,ok,,cloudflare,yes,2026-08-18
pinal.gov,"Pinal County, AZ",blocks basic request and headless browser,allowed,403,bare,cloudflare-challenge,blocked (403),ok,Cloudflare (other sites),cloudflare,yes,2026-08-24
quaycounty-nm.gov,"Quay County, NM",open,allowed,200,bare,,ok or not needed,ok,,Apache,,2026-08-19
rooseveltcounty.com,"Roosevelt County, NM",open,allowed,200,bare,,ok or not needed,ok,,Apache,,2026-08-19
santacruzcountyaz.gov,"Santa Cruz County, AZ",blocks basic request and headless browser,allowed,403,bare,cloudflare-challenge,blocked (403),ok,Cloudflare (other sites),cloudflare,yes,2026-08-24
sierraco.org,"Sierra County, NM",open,allowed,200,bare,,ok or not needed,ok,,LiteSpeed,,2026-08-18
socorrocounty.net,"Socorro County, NM",open,allowed,200,bare,,ok or not needed,ok,,ESF,,2026-08-18
torrancecountynm.org,"Torrance County, NM",open,allowed,200,bare,,ok or not needed,ok,,Apache,,2026-08-19
co.valencia.nm.us,"Valencia County, NM",open,allowed,200,bare,,ok or not needed,ok,,,,2026-08-19
yavapaiaz.gov,"Yavapai County, AZ",open,allowed,200,www,,ok or not needed,ok,,,,2026-08-18
yumacountyaz.gov,"Yuma County, AZ",blocks basic request and headless browser,allowed,403,bare,denied-403,blocked (403),ok,Granicus govAccess (Akamai),AkamaiGHost,,2026-08-24
forrestcountyms.us,"Forrest County, MS",open,allowed,200,bare,,ok or not needed,ok,,cloudflare,yes,2026-09-13
georgecountyms.com,"George County, MS",open,allowed,200,bare,,ok or not needed,ok,,Apache,,2026-08-19
greenecountyms.gov,"Greene County, MS",open,allowed,200,bare,,ok or not needed,ok,,Pepyaka,,2026-08-19
hancockcounty.ms.gov,"Hancock County, MS",open,allowed,200,bare,,ok or not needed,ok,,cloudflare,yes,2026-08-19
harrisoncountyms.gov,"Harrison County, MS",robots.txt exclusion,disallowed,200,bare,,ok or not needed,none,,,,2026-07-19
co.jackson.ms.us,"Jackson County, MS",open,allowed,200,bare,,ok or not needed,ok,,,,2026-08-19
lamarcountyms.gov,"Lamar County, MS",open,allowed,200,bare,,ok or not needed,ok,,Apache,,2026-08-18
pearlrivercounty.net,"Pearl River County, MS",open,allowed,200,bare,,ok or not needed,ok,,,,2026-08-18
perrycountyms.gov,"Perry County, MS",open,allowed,200,bare,,ok or not needed,ok,,LiteSpeed,,2026-08-18
stonecountyms.gov,"Stone County, MS",open,allowed,200,bare,,ok or not needed,ok,,Apache,,2026-08-18
covingtoncountyms.gov,"Covington County, MS",open,allowed,200,bare,,ok or not needed,ok,,Apache,,2026-09-13
co.jefferson-davis.ms.us,"Jefferson Davis County, MS",open,allowed,200,bare,,ok or not needed,ok,,Apache,,2026-08-19
jonescountyms.com,"Jones County, MS",blocks basic request and headless browser,allowed,403,bare,cloudflare-challenge,blocked (403),ok,Cloudflare (other sites),cloudflare,yes,2026-08-24
marioncountyms.com,"Marion County, MS",open,allowed,200,bare,,ok or not needed,ok,,Apache,,2026-08-18
waynecounty.ms,"Wayne County, MS",open,allowed,200,bare,,ok or not needed,ok,,Apache,,2026-08-18
adamscountyms.net,"Adams County, MS",open,allowed,200,bare,,ok or not needed,ok,,Apache,,2026-08-18
alcorncounty.org,"Alcorn County, MS",open,allowed,200,bare,,ok or not needed,ok,,Apache,,2026-08-18
amitecounty.ms,"Amite County, MS",open,allowed,200,bare,,ok or not needed,ok,,Apache,,2026-08-19
attalacounty.net,"Attala County, MS",open,allowed,200,bare,,ok or not needed,ok,,Apache,,2026-08-18
carrollcountyms.org,"Carroll County, MS",open,allowed,200,bare,,ok or not needed,ok,,Apache,,2026-08-18
ccmsgov.us,"Claiborne County, MS",open,allowed,200,bare,,ok or not needed,ok,,Apache,,2026-09-11
clarkecountyms.gov,"Clarke County, MS",open,allowed,200,www,,ok or not needed,ok,,Apache,,2026-08-19
claycountyms.com,"Clay County, MS",open,allowed,200,bare,,ok or not needed,ok,,Apache,,2026-08-18
copiahcountyms.gov,"Copiah County, MS",broken or unreachable,allowed,500,bare,,ok or not needed,failed,,Apache,,2026-09-13
franklincoms.weebly.com,"Franklin County, MS",broken or unreachable,allowed,404,bare,,ok or not needed,none,,cloudflare,yes,2026-08-18
hindscountyms.com,"Hinds County, MS",open,allowed,200,bare,,ok or not needed,ok,,Apache,,2026-08-19
holmescountyms.org,"Holmes County, MS",open,allowed,200,bare,,ok or not needed,ok,,Apache,,2026-08-18
humphreyscountyms.com,"Humphreys County, MS",open,allowed,200,bare,,ok or not needed,ok,,,,2026-08-19
itawamba.gov,"Itawamba County, MS",open,allowed,200,bare,,ok or not needed,ok,,cloudflare,yes,2026-08-18
co.jasper.ms.us,"Jasper County, MS",open,allowed,200,bare,,ok or not needed,ok,,Apache,,2026-09-09
jeffersoncountyms.com,"Jefferson County, MS",open,allowed,200,bare,,ok or not needed,ok,,Apache,,2026-09-13
kempercountyms.gov,"Kemper County, MS",open,allowed,200,bare,,ok or not needed,ok,,cloudflare,yes,2026-08-18
lafayettems.com,"Lafayette County, MS",open,allowed,200,bare,,ok or not needed,ok,,LiteSpeed,,2026-08-18
lauderdalecounty.org,"Lauderdale County, MS",open,allowed,200,bare,,ok or not needed,ok,,Sucuri,yes,2026-08-18
leakecountyms.org,"Leake County, MS",open,allowed,200,bare,,ok or not needed,ok,,LiteSpeed,,2026-09-11
leecountyms.com,"Lee County, MS",open,allowed,200,bare,,ok or not needed,ok,,cloudflare,yes,2026-08-18
leflorecounty.ms,"Leflore County, MS",broken or unreachable,allowed,error,bare,,ok or not needed,ok,,,,2026-08-18
golincolnms.com,"Lincoln County, MS",open,allowed,200,bare,,ok or not needed,ok,,Apache,,2026-08-18
lowndescountyms.com,"Lowndes County, MS",open,allowed,200,bare,,ok or not needed,ok,,,,2026-08-18
madison-co.com,"Madison County, MS",open,allowed,200,bare,,ok or not needed,ok,,Apache,,2026-08-18
monroems.com,"Monroe County, MS",open,allowed,200,bare,,ok or not needed,ok,,Apache,,2026-08-18
montgomerycountyms.com,"Montgomery County, MS",open,allowed,200,bare,,ok or not needed,ok,,Apache,,2026-08-18
neshobacounty.net,"Neshoba County, MS",open,allowed,200,bare,,ok or not needed,ok,,Apache,,2026-08-19
newtoncountyms.net,"Newton County, MS",open,allowed,200,www,,ok or not needed,ok,,Apache,,2026-09-09
noxubeecounty.org,"Noxubee County, MS",open,allowed,200,bare,,ok or not needed,ok,,cloudflare,yes,2026-08-18
oktibbeha.ms.gov,"Oktibbeha County, MS",open,allowed,200,www,,ok or not needed,ok,,,,2026-09-09
panolacoms.com,"Panola County, MS",open,allowed,200,bare,,ok or not needed,ok,,Apache,,2026-08-19
co.pike.ms.us,"Pike County, MS",open,allowed,200,bare,,ok or not needed,ok,,Apache,,2026-08-18
prentisscounty.org,"Prentiss County, MS",open,allowed,200,bare,,ok or not needed,ok,,Apache,,2026-08-19
quitmancountyms.org,"Quitman County, MS",open,allowed,200,bare,,ok or not needed,ok,,Apache,,2026-08-16
rankincounty.org,"Rankin County, MS",robots.txt exclusion,crawl-delay,200,bare,,ok or not needed,none,,cloudflare,yes,2026-07-19
scottcountyms.gov,"Scott County, MS",open,allowed,200,bare,,ok or not needed,ok,,Apache,,2026-08-19
sharkeycounty.net,"Sharkey County, MS",open,allowed,200,bare,,ok or not needed,ok,,Apache,,2026-08-18
simpsoncountyms.com,"Simpson County, MS",open,allowed,200,bare-http,,ok or not needed,ok,,Apache,,2026-09-09
smithcountyms.gov,"Smith County, MS",open,allowed,200,bare,,ok or not needed,ok,,Apache,,2026-08-18
sunflowercounty.ms.gov,"Sunflower County, MS",open,allowed,200,www,,ok or not needed,ok,,,,2026-09-09
tatecountyms.gov,"Tate County, MS",open,allowed,200,bare,,ok or not needed,ok,,Apache,,2026-09-09
co.tishomingo.ms.us,"Tishomingo County, MS",open,allowed,200,bare,,ok or not needed,ok,,Apache,,2026-09-11
unioncoms.com,"Union County, MS",robots.txt exclusion,disallowed,200,bare,,ok or not needed,ok,,,,2026-08-14
walthallchamber.com,"Walthall County, MS",open,allowed,200,bare,,ok or not needed,ok,,cloudflare,yes,2026-08-18
co.warren.ms.us,"Warren County, MS",open,allowed,200,bare,,ok or not needed,ok,,Apache,,2026-08-18
webstercountyms.org,"Webster County, MS",open,allowed,200,www-http,,ok or not needed,ok,,Apache,,2026-09-09
wilkinson.co.ms.gov,"Wilkinson County, MS",open,allowed,200,bare,,ok or not needed,ok,,Apache,,2026-08-18
winstoncountyms.org,"Winston County, MS",open,allowed,200,bare,,ok or not needed,ok,,cloudflare,yes,2026-08-18
yalobushaonline.org,"Yalobusha County, MS",open,allowed,200,bare,,ok or not needed,ok,,Apache,,2026-08-18
yazoocounty.net,"Yazoo County, MS",open,allowed,200,bare,,ok or not needed,ok,,Apache,,2026-08-18
lqpcomn.gov,"Lac qui Parle County, MN",open,allowed,200,www,,ok or not needed,ok,,,,2026-09-09
oswegocountyny.gov,"Oswego County, NY",open,allowed,200,www,,ok or not needed,ok,,,,2026-09-09
jeffersoncountyny.gov,"Jefferson County, NY",open,allowed,200,bare,,ok or not needed,ok,,nginx,,2026-08-18
fultoncountyny.gov,"Fulton County, NY",open,allowed,200,bare,,ok or not needed,ok,,Apache,,2026-08-18
herkimercountyny.gov,"Herkimer County, NY",open,allowed,200,bare,,ok or not needed,ok,,Apache,,2026-08-19
madisoncounty.ny.gov,"Madison County, NY",open,allowed,200,www,,ok or not needed,ok,,cloudflare,yes,2026-09-09
orangecountyny.gov,"Orange County, NY",open,allowed,200,www,,ok or not needed,ok,,cloudflare,yes,2026-09-09
rocklandcountyny.gov,"Rockland County, NY",blocks basic request and headless browser,allowed,403,bare,denied-403,blocked (403),ok,Granicus govAccess (Akamai),AkamaiGHost,,2026-08-24
nola.gov,"Orleans Parish, LA",open,allowed,200,bare,,ok or not needed,ok,,Microsoft-IIS,,2026-08-27
plaqueminesparish.gov,"Plaquemines Parish, LA",open,allowed,200,bare,,ok or not needed,ok,,,,2026-08-18
sbpg.net,"Saint Bernard Parish, LA",open,allowed,200,bare,,ok or not needed,ok,,,,2026-08-18
stpgov.org,"St. Tammany Parish, LA",open,allowed,200,bare,,ok or not needed,ok,,,,2026-08-18
ascensionparish.net,"Ascension Parish, LA",open,allowed,200,bare,,ok or not needed,ok,,Apache,,2026-08-19
assumptionla.com,"Assumption Parish, LA",open,allowed,200,bare,,ok or not needed,ok,,,,2026-08-19
brla.gov,"East Baton Rouge Parish, LA",open,allowed,200,www,,ok or not needed,ok,,cloudflare,yes,2026-08-27
ibervilleparish.com,"Iberville Parish, LA",open,allowed,200,bare,,ok or not needed,ok,,cloudflare,yes,2026-08-18
lafourchegov.org,"Lafourche Parish, LA",open,allowed,200,bare,,ok or not needed,ok,,Flywheel,,2026-08-18
livingstonparishla.gov,"Livingston Parish, LA",robots.txt exclusion,disallowed,200,bare,,ok or not needed,ok,,,,2026-08-14
jeffparish.gov,"Jefferson Parish, LA",open,allowed,200,bare,,ok or not needed,ok,,cloudflare,yes,2026-08-18
stcharlesparish.gov,"St. Charles Parish, LA",blocks basic request and headless browser,allowed,403,bare,denied-403,blocked (403),ok,Granicus govAccess (Akamai),AkamaiGHost,,2026-08-24
sthelenaparish.la.gov,"Saint Helena Parish, LA",robots.txt exclusion,disallowed,200,bare,,ok or not needed,none,,Apache,,2026-07-19
stjamesla.com,"St. James Parish, LA",open,allowed,200,bare,,ok or not needed,ok,,,,2026-08-18
sjbparish.gov,"St. John the Baptist Parish, LA",open,allowed,200,www,,ok or not needed,ok,,,,2026-09-09
tangipahoa.org,"Tangipahoa Parish, LA",open,allowed,200,bare,,ok or not needed,ok,,cloudflare,yes,2026-08-18
tpcg.org,"Terrebonne Parish, LA",open,allowed,200,bare,,ok or not needed,ok,,Microsoft-IIS,,2026-08-19
wpgov.org,"Washington Parish, LA",open,allowed,200,bare,,ok or not needed,ok,,Microsoft-IIS,,2026-09-13
wbrparish.org,"West Baton Rouge Parish, LA",open,allowed,200,bare,,ok or not needed,ok,,,,2026-08-18
wfparish.org,"West Feliciana Parish, LA",open,allowed,200,bare,,ok or not needed,ok,,cloudflare,yes,2026-08-18
llanocounty.gov,"Llano County, TX",open,allowed,200,www,,ok or not needed,ok,,,,2026-09-09
co.san-saba.tx.us,"San Saba County, TX",open,allowed,200,www,,ok or not needed,ok,,,,2026-08-18
browncountytx.gov,"Brown County, TX",open,allowed,200,bare,,ok or not needed,ok,,,,2026-08-19
claycountytx.net,"Clay County, TX",open,allowed,200,bare,,ok or not needed,ok,,cloudflare,yes,2026-08-18
jackcounty.texas.gov,"Jack County, TX",blocks basic request and headless browser,allowed,403,www,cloudflare-challenge,blocked (403),ok,CivicPlus (Cloudflare),cloudflare,yes,2026-09-09
co.palo-pinto.tx.us,"Palo Pinto County, TX",open,allowed,200,bare,,ok or not needed,ok,,,,2026-08-18
co.erath.tx.us,"Erath County, TX",open,allowed,200,bare,,ok or not needed,ok,,cloudflare,yes,2026-09-09
comanchecountytx.gov,"Comanche County, TX",open,allowed,200,www,,ok or not needed,ok,,cloudflare,yes,2026-09-09
millscountytx.gov,"Mills County, TX",open,allowed,200,bare,,ok or not needed,ok,,,,2026-08-19
co.lampasas.tx.us,"Lampasas County, TX",open,allowed,200,www,,ok or not needed,ok,,,,2026-08-18
burnetcountytexas.org,"Burnet County, TX",open,allowed,200,bare,,ok or not needed,ok,,cloudflare,yes,2026-08-18
co.montague.tx.us,"Montague County, TX",open,allowed,200,bare,,ok or not needed,ok,,,,2026-08-18
co.wise.tx.us,"Wise County, TX",open,allowed,200,bare,,ok or not needed,ok,,Microsoft-IIS,,2026-08-18
parkercountytx.gov,"Parker County, TX",open,allowed,200,bare,,ok or not needed,ok,,,,2026-08-19
hoodcounty.texas.gov,"Hood County, TX",open,allowed,200,bare,,ok or not needed,ok,,,,2026-08-18
somervell.co,"Somervell County, TX",open,allowed,200,bare,,ok or not needed,ok,,cloudflare,yes,2026-08-19
bosquecounty.gov,"Bosque County, TX",open,allowed,200,bare,,ok or not needed,ok,,,,2026-08-18
hamiltoncountytx.gov,"Hamilton County, TX",open,allowed,200,bare,,ok or not needed,ok,,,,2026-08-19
coryellcounty.org,"Coryell County, TX",open,allowed,200,bare,,ok or not needed,ok,,,,2026-08-18
bellcountytx.com,"Bell County, TX",robots.txt exclusion,disallowed,200,bare,,ok or not needed,ok,,,,2026-08-16
wilcotx.gov,"Williamson County, TX",open,allowed,200,bare,,ok or not needed,ok,,cloudflare,yes,2026-08-18
bentoncountyor.gov,"Benton County, OR",open,allowed,200,bare,,ok or not needed,ok,,nginx,,2026-08-19
clackamas.us,"Clackamas County, OR",open,allowed,200,bare,,ok or not needed,ok,,nginx,,2026-08-19
clatsopcounty.gov,"Clatsop County, OR",open,allowed,200,bare,,ok or not needed,ok,,,,2026-09-12
columbiacountyor.gov,"Columbia County, OR",open,allowed,200,bare,,ok or not needed,ok,,nginx,,2026-08-18
co.coos.or.us,"Coos County, OR",open,allowed,200,bare,,ok or not needed,ok,,nginx,,2026-09-09
crookcountyor.gov,"Crook County, OR",open,allowed,200,bare,,ok or not needed,ok,,,,2026-09-09
currycountyor.gov,"Curry County, OR",open,allowed,200,bare,,ok or not needed,ok,,,,2026-08-18
deschutescounty.gov,"Deschutes County, OR",open,allowed,200,www,,ok or not needed,ok,,,,2026-09-09
douglascountyor.gov,"Douglas County, OR",blocks basic request,allowed,403,bare,denied-403,ok or not needed,ok,Cloudflare (other sites),cloudflare,yes,2026-08-24
grantcountyoregon.net,"Grant County, OR",open,allowed,200,bare,,ok or not needed,ok,,Microsoft-IIS,,2026-08-18
harneycountyor.gov,"Harney County, OR",open,allowed,307,bare,,ok or not needed,ok,,Sucuri,,2026-09-09
hoodrivercounty.gov,"Hood River County, OR",robots.txt exclusion,disallowed,200,bare,,ok or not needed,none,,,,2026-07-19
jacksoncountyor.gov,"Jackson County, OR",open,allowed,200,bare,,ok or not needed,ok,,,,2026-08-18
jeffco.net,"Jefferson County, OR",blocks basic request and headless browser,allowed,403,bare,cloudflare-challenge,blocked (403),ok,CivicPlus (Cloudflare),cloudflare,yes,2026-08-24
josephinecounty.gov,"Josephine County, OR",robots.txt exclusion,disallowed,200,bare,,ok or not needed,none,,,,2026-07-19
klamathcounty.org,"Klamath County, OR",open,allowed,200,bare,,ok or not needed,ok,,,,2026-08-18
lakecountyor.org,"Lake County, OR",robots.txt exclusion,disallowed,200,bare,,ok or not needed,ok,,,,2026-08-13
lanecountyor.gov,"Lane County, OR",open,allowed,200,bare,,ok or not needed,ok,,cloudflare,yes,2026-08-18
co.lincoln.or.us,"Lincoln County, OR",open,allowed,200,bare,,ok or not needed,ok,,,,2026-08-19
linncountyor.gov,"Linn County, OR",blocks basic request,allowed,403,bare,cloudflare-challenge,ok or not needed,ok,CivicPlus (Cloudflare),cloudflare,yes,2026-08-24
co.marion.or.us,"Marion County, OR",open,allowed,200,bare,,ok or not needed,ok,,,,2026-08-18
morrowcountyor.gov,"Morrow County, OR",open,allowed,200,www,,ok or not needed,ok,,,,2026-09-09
multco.us,"Multnomah County, OR",open,allowed,200,bare,,ok or not needed,ok,,,,2026-08-19
polkcountyor.gov,"Polk County, OR",open,allowed,200,www,,ok or not needed,ok,,,,2026-09-11
tillamookcounty.gov,"Tillamook County, OR",open,allowed,200,bare,,ok or not needed,ok,,,,2026-08-18
co.umatilla.or.us,"Umatilla County, OR",open,allowed,200,bare,,ok or not needed,ok,,Apache,,2026-08-18
unioncountyor.gov,"Union County, OR",open,allowed,200,bare,,ok or not needed,ok,,Apache,,2026-08-18
co.wallowa.or.us,"Wallowa County, OR",open,allowed,200,bare,,ok or not needed,ok,,cloudflare,yes,2026-08-17
wascocountyor.gov,"Wasco County, OR",open,allowed,200,www,,ok or not needed,ok,,,,2026-09-09
washingtoncountyor.gov,"Washington County, OR",open,allowed,200,bare,,ok or not needed,ok,,cloudflare,yes,2026-08-18
wheelercountyoregon.com,"Wheeler County, OR",open,allowed,200,bare,,ok or not needed,ok,,Pepyaka,,2026-08-19
yamhillcounty.gov,"Yamhill County, OR",open,allowed,200,bare,,ok or not needed,ok,,cloudflare,yes,2026-08-19
co.cooke.tx.us,"Cooke County, TX",open,allowed,200,www,,ok or not needed,ok,,,,2026-08-18
dentoncounty.gov,"Denton County, TX",open,allowed,200,bare,,ok or not needed,ok,,cloudflare,yes,2026-08-19
tarrantcountytx.gov,"Tarrant County, TX",open,allowed,200,www,,ok or not needed,ok,,Apache,,2026-08-18
johnsoncountytx.org,"Johnson County, TX",blocks basic request and headless browser,allowed,403,bare,denied-403,blocked (403),ok,Granicus govAccess (Akamai),AkamaiGHost,,2026-08-24
co.hill.tx.us,"Hill County, TX",open,allowed,200,www,,ok or not needed,ok,,,,2026-08-19
mclennan.gov,"McLennan County, TX",open,allowed,200,bare,,ok or not needed,ok,,cloudflare,yes,2026-08-18
co.falls.tx.us,"Falls County, TX",open,allowed,200,bare,,ok or not needed,ok,,,,2026-08-18
milamcounty.net,"Milam County, TX",open,allowed,200,bare,,ok or not needed,ok,,,,2026-08-18
co.lee.tx.us,"Lee County, TX",open,allowed,200,www,,ok or not needed,ok,,,,2026-08-18
bastropcounty.gov,"Bastrop County, TX",open,allowed,200,www,,ok or not needed,ok,,,,2026-09-09
co.fayette.tx.us,"Fayette County, TX",open,allowed,200,www,,ok or not needed,ok,,,,2026-08-19
co.lavaca.tx.us,"Lavaca County, TX",open,allowed,200,bare,,ok or not needed,ok,,,,2026-08-18
co.jackson.tx.us,"Jackson County, TX",open,allowed,200,bare,,ok or not needed,ok,,,,2026-08-18
collincountytx.gov,"Collin County, TX",open,allowed,200,bare,,ok or not needed,ok,,cloudflare,yes,2026-08-18
dallascounty.org,"Dallas County, TX",open,allowed,200,www,,ok or not needed,ok,,Apache,,2026-08-18
rockwallcountytexas.com,"Rockwall County, TX",open,allowed,200,bare,,ok or not needed,ok,,,,2026-08-18
elliscountytx.gov,"Ellis County, TX",open,allowed,200,www-http,,ok or not needed,ok,,,,2026-09-09
co.navarro.tx.us,"Navarro County, TX",open,allowed,200,bare,,ok or not needed,ok,,,,2026-08-19
co.limestone.tx.us,"Limestone County, TX",open,allowed,200,www,,ok or not needed,ok,,,,2026-08-17
co.robertson.tx.us,"Robertson County, TX",open,allowed,200,www,,ok or not needed,ok,,,,2026-09-12
brazoscountytx.gov,"Brazos County, TX",open,allowed,200,bare,,ok or not needed,ok,,,,2026-08-18
burlesoncountytx.gov,"Burleson County, TX",open,allowed,200,www,,ok or not needed,ok,,,,2026-09-09
co.washington.tx.us,"Washington County, TX",open,allowed,200,www,,ok or not needed,ok,,,,2026-08-19
austincounty.com,"Austin County, TX",open,allowed,200,www,,ok or not needed,ok,,,,2026-08-18
co.colorado.tx.us,"Colorado County, TX",open,allowed,200,bare,,ok or not needed,ok,,,,2026-08-19
co.wharton.tx.us,"Wharton County, TX",open,allowed,200,www,,ok or not needed,ok,,,,2026-08-19
matagordatx.gov,"Matagorda County, TX",open,allowed,200,bare,,ok or not needed,ok,,,,2026-08-19
avoypj.org,"Avoyelles Parish, LA",open,allowed,200,bare,,ok or not needed,ok,,Pepyaka,,2026-08-18
conppj.org,"Concordia Parish, LA",open,allowed,200,bare,,ok or not needed,ok,,cloudflare,yes,2026-08-19
evangelineparishpolicejury.com,"Evangeline Parish, LA",open,allowed,200,bare,,ok or not needed,ok,,cloudflare,yes,2026-08-18
iberiaparishgovernment.com,"Iberia Parish, LA",open,allowed,200,bare,,ok or not needed,ok,,cloudflare,yes,2026-08-18
pcparish.org,"Pointe Coupee Parish, LA",open,allowed,200,bare,,ok or not needed,ok,,cloudflare,yes,2026-08-18
stlandrypg.org,"St. Landry Parish, LA",open,allowed,200,bare,,ok or not needed,ok,,cloudflare,yes,2026-08-18
stmartinparish.net,"Saint Martin Parish, LA",open,allowed,200,bare,,ok or not needed,ok,,,,2026-08-19
stmaryparishla.gov,"St. Mary Parish, LA",open,allowed,200,bare,,ok or not needed,ok,,nginx,,2026-08-18
lafayettela.gov,"Lafayette Parish, LA",open,allowed,200,bare,,ok or not needed,ok,,,,2026-08-19
alleganyco.gov,"Allegany County, NY",blocks everything,allowed,202,bare,captcha-challenge,not reached,403,SiteGround captcha,nginx,,2026-09-11
chemungcountyny.gov,"Chemung County, NY",open,allowed,200,bare,,ok or not needed,ok,,,,2026-08-18
livingstoncountyny.gov,"Livingston County, NY",open,allowed,200,bare,,ok or not needed,ok,,,,2026-08-18
ontariocountyny.gov,"Ontario County, NY",open,allowed,200,bare,,ok or not needed,ok,,cloudflare,yes,2026-08-18
schuylercountyny.gov,"Schuyler County, NY",open,allowed,200,www,,ok or not needed,ok,,,,2026-09-09
senecacountyny.gov,"Seneca County, NY",open,allowed,200,bare,,ok or not needed,ok,,cloudflare,yes,2026-08-18
steubencountyny.gov,"Steuben County, NY",open,allowed,200,bare,,ok or not needed,ok,,,,2026-08-19
wyomingcountyny.gov,"Wyoming County, NY",open,allowed,200,bare,,ok or not needed,ok,,,,2026-08-19
yatescountyny.gov,"Yates County, NY",open,allowed,200,bare,,ok or not needed,ok,,cloudflare,yes,2026-09-12
broomecountyny.gov,"Broome County, NY",open,allowed,200,bare,,ok or not needed,ok,,,,2026-08-18
chenangocountyny.gov,"Chenango County, NY",open,allowed,200,www,,ok or not needed,ok,,cloudflare,yes,2026-09-09
cortlandcountyny.gov,"Cortland County, NY",open,allowed,200,bare,,ok or not needed,ok,,Microsoft-IIS,,2026-08-18
delcony.gov,"Delaware County, NY",open,allowed,200,www,,ok or not needed,ok,,cloudflare,yes,2026-09-09
greenecountyny.gov,"Greene County, NY",open,allowed,200,bare,,ok or not needed,ok,,Apache,,2026-09-09
onondaga.gov,"Onondaga County, NY",open,allowed,200,bare,,ok or not needed,ok,,cloudflare,yes,2026-09-11
otsegocountyny.gov,"Otsego County, NY",open,allowed,200,bare,,ok or not needed,ok,,cloudflare,yes,2026-08-18
putnamcountyny.gov,"Putnam County, NY",open,allowed,307,bare,,ok or not needed,ok,,Sucuri,,2026-09-09
sullivanny.gov,"Sullivan County, NY",open,allowed,200,bare,,ok or not needed,ok,,nginx,,2026-09-13
tiogacountyny.com,"Tioga County, NY",open,allowed,200,bare,,ok or not needed,ok,,cloudflare,yes,2026-08-19
tompkinscountyny.gov,"Tompkins County, NY",open,allowed,200,www,,ok or not needed,ok,,,,2026-08-18
ulstercountyny.gov,"Ulster County, NY",open,allowed,200,www,,ok or not needed,ok,,,,2026-08-19
westchestercountyny.gov,"Westchester County, NY",open,allowed,200,www,,ok or not needed,ok,,Apache,,2026-09-09
chautauquacountyny.gov,"Chautauqua County, NY",open,allowed,200,bare,,ok or not needed,ok,,nginx,,2026-08-18
co.montgomery.ny.us,"Montgomery County, NY",broken or unreachable,allowed,503,bare,,ok or not needed,failed,,Microsoft-IIS,,2026-08-18
oneidacountyny.gov,"Oneida County, NY",open,allowed,200,bare,,ok or not needed,ok,,,,2026-08-18
schohariecounty-ny.gov,"Schoharie County, NY",open,allowed,200,bare,,ok or not needed,ok,,,,2026-08-19
waynecountyny.gov,"Wayne County, NY",open,allowed,200,bare,,ok or not needed,ok,,,,2026-08-19
appj.org,"Acadia Parish, LA",blocks basic request and headless browser,allowed,403,bare,denied-403,blocked (403),ok,Other,nginx,,2026-08-24
allenparishpolicejury.com,"Allen Parish, LA",open,allowed,200,bare,,ok or not needed,ok,,,,2026-08-18
beauparish.org,"Beauregard Parish, LA",broken or unreachable,allowed,error,bare,,ok or not needed,ok,,,,2026-08-18
bienvilleparish.org,"Bienville Parish, LA",open,allowed,200,bare,,ok or not needed,ok,,Apache,,2026-08-18
calcasieu.gov,"Calcasieu Parish, LA",blocks basic request and headless browser,allowed,403,bare,denied-403,blocked (403),ok,Granicus govAccess (Akamai),AkamaiGHost,,2026-08-24
jacksonparishpolicejury.org,"Jackson Parish, LA",open,allowed,200,bare,,ok or not needed,ok,,,,2026-08-18
jeffdavis.org,"Jefferson Davis Parish, LA",open,allowed,200,bare,,ok or not needed,ok,,cloudflare,yes,2026-08-19
lincolnparish.gov,"Lincoln Parish, LA",open,allowed,200,www,,ok or not needed,ok,,cloudflare,yes,2026-09-09
madisonparish.org,"Madison Parish, LA",open,allowed,200,bare,,ok or not needed,ok,,Apache,,2026-08-18
npgov.org,"Natchitoches Parish, LA",robots.txt exclusion,disallowed,200,bare,,ok or not needed,none,,,,2026-07-19
oppj.org,"Ouachita Parish, LA",open,allowed,200,bare,,ok or not needed,ok,,,,2026-08-19
rppj.com,"Rapides Parish, LA",open,allowed,200,bare,,ok or not needed,ok,,cloudflare,yes,2026-08-18
rrppj.org,"Red River Parish, LA",open,allowed,200,bare,,ok or not needed,ok,,,,2026-08-19
sabineparishpolicejury.com,"Sabine Parish, LA",open,allowed,200,bare-http,,ok or not needed,ok,,,,2026-09-09
vppj.org,"Vermilion Parish, LA",open,allowed,200,bare,,ok or not needed,ok,,,,2026-08-18
vppjla.com,"Vernon Parish, LA",open,allowed,200,bare,,ok or not needed,ok,,Apache,,2026-08-19
winnparishpolicejury.com,"Winn Parish, LA",blocks basic request,allowed,202,bare,captcha-challenge,ok or not needed,ok,SiteGround captcha,nginx,,2026-08-18
huntcounty.net,"Hunt County, TX",open,allowed,200,bare,,ok or not needed,ok,,,,2026-08-19
kaufmancounty.net,"Kaufman County, TX",open,allowed,200,bare,,ok or not needed,ok,,,,2026-08-18
henderson-county.com,"Henderson County, TX",open,allowed,200,bare,,ok or not needed,ok,,cloudflare,yes,2026-08-24
co.freestone.tx.us,"Freestone County, TX",open,allowed,200,www,,ok or not needed,ok,,,,2026-08-18
co.leon.tx.us,"Leon County, TX",open,allowed,200,www,,ok or not needed,ok,,,,2026-09-11
co.madison.tx.us,"Madison County, TX",open,allowed,200,www,,ok or not needed,ok,,,,2026-08-18
grimescountytexas.gov,"Grimes County, TX",robots.txt exclusion,disallowed,200,bare,,ok or not needed,none,,,,2026-07-19
deltacountytx.com,"Delta County, TX",blocks basic request,allowed,403,www,cloudflare-challenge,error,ok,CivicPlus (Cloudflare),cloudflare,yes,2026-08-18
hopkinscountytx.org,"Hopkins County, TX",open,allowed,200,www,,ok or not needed,ok,,,,2026-08-18
co.rains.tx.us,"Rains County, TX",open,allowed,200,www,,ok or not needed,ok,,,,2026-08-18
vanzandtcounty.org,"Van Zandt County, TX",open,allowed,200,www,,ok or not needed,ok,,,,2026-08-18
mywoodcounty.com,"Wood County, TX",open,allowed,200,www,,ok or not needed,ok,,,,2026-09-09
co.franklin.tx.us,"Franklin County, TX",open,allowed,200,www,,ok or not needed,ok,,,,2026-08-18
co.titus.tx.us,"Titus County, TX",open,allowed,200,bare,,ok or not needed,ok,,,,2026-08-18
co.morris.tx.us,"Morris County, TX",open,allowed,200,www,,ok or not needed,ok,,,,2026-08-18
co.camp.tx.us,"Camp County, TX",open,allowed,200,www,,ok or not needed,ok,,,,2026-08-18
co.cass.tx.us,"Cass County, TX",open,allowed,200,www,,ok or not needed,ok,,,,2026-08-18
countyofupshur.com,"Upshur County, TX",open,allowed,200,bare,,ok or not needed,ok,,Microsoft-IIS,,2026-08-19
co.marion.tx.us,"Marion County, TX",open,allowed,200,www,,ok or not needed,ok,,,,2026-08-24
harrisoncountytexas.gov,"Harrison County, TX",open,allowed,200,bare,,ok or not needed,ok,,,,2026-08-18
greggcounty.texas.gov,"Gregg County, TX",open,allowed,200,bare,,ok or not needed,ok,,nginx,,2026-08-18
smith-county.com,"Smith County, TX",open,allowed,200,bare,,ok or not needed,ok,,cloudflare,yes,2026-08-18
ruskcountytx.gov,"Rusk County, TX",open,allowed,200,bare,,ok or not needed,ok,,,,2026-08-18
co.cherokee.tx.us,"Cherokee County, TX",open,allowed,200,bare-http,,ok or not needed,ok,,nginx,,2026-08-18
andersoncountytx.gov,"Anderson County, TX",open,allowed,200,www,,ok or not needed,ok,,,,2026-09-09
frcog.org,"Franklin County, MA",blocks basic request,allowed,202,bare,captcha-challenge,ok or not needed,ok,SiteGround captcha,nginx,,2026-08-18
countyofbristol.net,"Bristol County, MA",open,allowed,200,bare,,ok or not needed,ok,,,,2026-08-19
norfolkcounty.org,"Norfolk County, MA",open,allowed,200,bare,,ok or not needed,ok,,,,2026-08-18
plymouthcountyma.gov,"Plymouth County, MA",open,allowed,200,bare,,ok or not needed,ok,,,,2026-08-19
nacogdochesco.gov,"Nacogdoches County, TX",open,allowed,200,www,,ok or not needed,ok,,cloudflare,yes,2026-09-09
co.shelby.tx.us,"Shelby County, TX",open,allowed,200,www,,ok or not needed,ok,,,,2026-09-12
co.sabine.tx.us,"Sabine County, TX",open,allowed,200,www,,ok or not needed,ok,,,,2026-08-19
co.san-augustine.tx.us,"San Augustine County, TX",open,allowed,200,www,,ok or not needed,ok,,,,2026-08-19
co.houston.tx.us,"Houston County, TX",open,allowed,200,www,,ok or not needed,ok,,,,2026-08-18
angelinacounty.net,"Angelina County, TX",open,allowed,200,bare,,ok or not needed,ok,,Apache,,2026-09-13
co.trinity.tx.us,"Trinity County, TX",open,allowed,200,www,,ok or not needed,ok,,,,2026-08-18
co.walker.tx.us,"Walker County, TX",robots.txt exclusion,crawl-delay,200,www,,error,ok,,nginx,,2026-09-09
co.newton.tx.us,"Newton County, TX",open,allowed,200,www,,ok or not needed,ok,,,,2026-09-11
co.jasper.tx.us,"Jasper County, TX",open,allowed,200,bare,,ok or not needed,ok,,,,2026-08-18
co.tyler.tx.us,"Tyler County, TX",open,allowed,200,www,,ok or not needed,ok,,,,2026-09-11
polktx.gov,"Polk County, TX",open,allowed,200,bare,,ok or not needed,ok,,cloudflare,yes,2026-08-18
co.san-jacinto.tx.us,"San Jacinto County, TX",open,allowed,200,www,,ok or not needed,ok,,,,2026-08-18
co.orange.tx.us,"Orange County, TX",open,allowed,200,bare,,ok or not needed,ok,,nginx,,2026-08-18
jeffersoncountytx.gov,"Jefferson County, TX",open,allowed,200,bare,,ok or not needed,ok,,Microsoft-IIS,,2026-08-18
hardincountytx.gov,"Hardin County, TX",open,allowed,200,www,,ok or not needed,ok,,,,2026-09-09
adaircounty.ky.gov,"Adair County, KY",open,allowed,200,bare,,ok or not needed,ok,,,,2026-09-12
allencountykentucky.com,"Allen County, KY",open,allowed,200,bare,,ok or not needed,ok,,cloudflare,yes,2026-08-18
ballardcounty.ky.gov,"Ballard County, KY",open,allowed,200,bare,,ok or not needed,ok,,,,2026-08-18
barrencounty.ky.gov,"Barren County, KY",open,allowed,200,bare,,ok or not needed,ok,,,,2026-08-18
bellcounty.ky.gov,"Bell County, KY",open,allowed,200,bare,,ok or not needed,ok,,,,2026-08-19
bourbonky.com,"Bourbon County, KY",open,allowed,200,www,,ok or not needed,ok,,Pepyaka,,2026-09-09
boydcountyky.gov,"Boyd County, KY",open,allowed,200,bare,,ok or not needed,ok,,,,2026-08-19
boylecountyky.gov,"Boyle County, KY",open,allowed,200,bare,,ok or not needed,ok,,,,2026-08-16
breathittcounty.ky.gov,"Breathitt County, KY",open,allowed,200,bare,,ok or not needed,ok,,,,2026-08-18
breckinridgeky.com,"Breckinridge County, KY",open,allowed,200,bare,,ok or not needed,ok,,nginx,,2026-08-18
butlercounty.ky.gov,"Butler County, KY",open,allowed,200,bare,,ok or not needed,ok,,,,2026-08-18
caldwellcounty.ky.gov,"Caldwell County, KY",open,allowed,200,bare,,ok or not needed,ok,,,,2026-08-18
callowaycountyky.gov,"Calloway County, KY",open,allowed,200,bare,,ok or not needed,ok,,Apache,,2026-08-18
carlislecountyky.com,"Carlisle County, KY",robots.txt exclusion,disallowed,200,www,,ok or not needed,none,,Apache,,2026-09-09
cartercountyky.com,"Carter County, KY",open,allowed,200,www,,error,ok,,,,2026-09-11
christiancountyky.gov,"Christian County, KY",open,allowed,200,bare,,ok or not needed,ok,,cloudflare,yes,2026-08-18
clarkcoky.com,"Clark County, KY",open,allowed,200,bare,,ok or not needed,ok,,,,2026-08-18
claycounty.ky.gov,"Clay County, KY",open,allowed,200,bare,,ok or not needed,ok,,,,2026-08-18
cumberlandcounty.ky.gov,"Cumberland County, KY",open,allowed,200,bare,,ok or not needed,ok,,,,2026-07-19
daviessky.org,"Daviess County, KY",blocks basic request and headless browser,allowed,200,bare,,blocked (403),ok,Cloudflare (other sites),cloudflare,yes,2026-09-09
edmonsoncounty.org,"Edmonson County, KY",open,allowed,200,bare,,ok or not needed,ok,,cloudflare,yes,2026-08-18
elliottcounty.ky.gov,"Elliott County, KY",open,allowed,200,bare,,ok or not needed,ok,,,,2026-08-18
estillky.com,"Estill County, KY",open,allowed,200,bare,,ok or not needed,ok,,Apache,,2026-09-11
flemingcountyky.us,"Fleming County, KY",open,allowed,200,bare-http,,ok or not needed,ok,,Microsoft-IIS,,2026-09-09
franklincounty.ky.gov,"Franklin County, KY",open,allowed,200,bare,,ok or not needed,ok,,nginx,,2026-08-18
andersoncounty.ky.gov,"Anderson County, KY",open,allowed,200,bare,,ok or not needed,ok,,,,2026-08-18
fultoncounty.ky.gov,"Fulton County, KY",open,allowed,200,bare,,ok or not needed,ok,,,,2026-08-18
garrardcountyky.gov,"Garrard County, KY",open,allowed,200,bare,,ok or not needed,ok,,LiteSpeed,,2026-09-11
graysoncountyky.gov,"Grayson County, KY",broken or unreachable,allowed,404,bare,,ok or not needed,none,,Pepyaka,,2026-07-19
greencounty.ky.gov,"Green County, KY",open,allowed,200,bare,,ok or not needed,ok,,,,2026-08-18
greenupcountyky.gov,"Greenup County, KY",open,allowed,200,bare,,ok or not needed,ok,,Pepyaka,,2026-08-18
harlanonline.net,"Harlan County, KY",open,allowed,200,bare,,ok or not needed,ok,,Microsoft-IIS,,2026-08-16
harrisoncountyfiscalcourt.com,"Harrison County, KY",open,allowed,200,bare-http,,ok or not needed,ok,,Microsoft-IIS,,2026-09-09
hartcounty.ky.gov,"Hart County, KY",open,allowed,200,bare,,ok or not needed,ok,,,,2026-08-18
hendersoncountyky.gov,"Henderson County, KY",open,allowed,200,bare,,ok or not needed,ok,,,,2026-09-11
henrycounty.ky.gov,"Henry County, KY",open,allowed,200,bare,,ok or not needed,ok,,,,2026-08-19
hopkinscounty.ky.gov,"Hopkins County, KY",open,allowed,200,bare,,ok or not needed,ok,,Apache,,2026-08-18
jacksoncounty.ky.gov,"Jackson County, KY",open,allowed,200,bare,,ok or not needed,ok,,,,2026-08-18
jessamineky.gov,"Jessamine County, KY",open,allowed,200,bare,,ok or not needed,ok,,cloudflare,yes,2026-09-09
johnsoncoky.com,"Johnson County, KY",open,allowed,200,bare,,ok or not needed,ok,,ESF,,2026-08-18
knottcountyky.gov,"Knott County, KY",blocks basic request,allowed,202,bare,captcha-challenge,ok or not needed,ok,Cloudflare (other sites),cloudflare,yes,2026-08-18
knoxfiscalcourt.com,"Knox County, KY",open,allowed,200,bare,,ok or not needed,ok,,Apache,,2026-08-18
laruecountyky.gov,"Larue County, KY",blocks basic request and headless browser,allowed,403,bare,cloudflare-challenge,blocked (403),ok,Cloudflare (other sites),cloudflare,yes,2026-08-24
lawrencecounty.ky.gov,"Lawrence County, KY",open,allowed,200,bare,,ok or not needed,ok,,,,2026-08-18
leecounty.ky.gov,"Lee County, KY",open,allowed,200,bare,,ok or not needed,ok,,,,2026-08-18
lesliecounty.ky.gov,"Leslie County, KY",open,allowed,200,bare,,ok or not needed,ok,,,,2026-08-18
letchercounty.ky.gov,"Letcher County, KY",open,allowed,200,www,,ok or not needed,ok,,,,2026-08-19
lewiscountyky.gov,"Lewis County, KY",open,allowed,200,bare-http,,ok or not needed,ok,,Apache,,2026-09-09
lincolnky.com,"Lincoln County, KY",robots.txt exclusion,disallowed,200,bare,,ok or not needed,none,,,,2026-07-19
logancountyky.gov,"Logan County, KY",open,allowed,200,bare,,ok or not needed,ok,,,,2026-09-13
lyoncountyky.com,"Lyon County, KY",open,allowed,200,bare,,ok or not needed,ok,,Pepyaka,,2026-08-18
madisoncountyky.gov,"Madison County, KY",blocks basic request,allowed,202,bare,captcha-challenge,ok or not needed,ok,SiteGround captcha,nginx,,2026-08-18
magoffincounty.ky.gov,"Magoffin County, KY",open,allowed,200,bare,,ok or not needed,ok,,,,2026-08-19
marioncounty.ky.gov,"Marion County, KY",open,allowed,200,bare,,ok or not needed,ok,,,,2026-08-18
marshallcountyky.gov,"Marshall County, KY",open,allowed,200,bare,,ok or not needed,ok,,cloudflare,yes,2026-08-18
gravescounty.ky.gov,"Graves County, KY",open,allowed,200,bare,,ok or not needed,ok,,,,2026-08-18
martincounty.ky.gov,"Martin County, KY",open,allowed,200,bare,,ok or not needed,ok,,,,2026-09-13
masoncountykentucky.us,"Mason County, KY",open,allowed,200,bare,,ok or not needed,ok,,,,2026-08-18
mccrackencountyky.gov,"McCracken County, KY",open,allowed,200,bare,,ok or not needed,ok,,Apache,,2026-08-19
mccrearycounty.com,"McCreary County, KY",open,allowed,200,bare,,ok or not needed,ok,,Apache,,2026-08-18
mcleancounty.ky.gov,"McLean County, KY",blocks basic request,allowed,403,bare,cloudflare-challenge,ok or not needed,failed,Cloudflare (other sites),cloudflare,yes,2026-07-25
meadeky.gov,"Meade County, KY",open,allowed,200,bare,,ok or not needed,ok,,cloudflare,yes,2026-08-19
menifeecounty.ky.gov,"Menifee County, KY",open,allowed,200,bare,,ok or not needed,ok,,,,2026-08-18
mercercounty.ky.gov,"Mercer County, KY",broken or unreachable,allowed,404,bare,,ok or not needed,ok,,,,2026-08-18
metcalfecounty.ky.gov,"Metcalfe County, KY",open,allowed,200,bare,,ok or not needed,ok,,,,2026-08-18
montgomerycounty.ky.gov,"Montgomery County, KY",blocks everything,allowed,202,bare,captcha-challenge,not reached,403,SiteGround captcha,nginx,,2026-09-12
bathcounty.ky.gov,"Bath County, KY",open,allowed,200,bare,,ok or not needed,ok,,,,2026-08-19
morgancounty.ky.gov,"Morgan County, KY",open,allowed,200,bare,,ok or not needed,ok,,,,2026-08-18
muhlenbergcounty.ky.gov,"Muhlenberg County, KY",open,allowed,200,bare,,ok or not needed,ok,,,,2026-07-19
nelsoncountyky.gov,"Nelson County, KY",robots.txt exclusion,crawl-delay,200,bare,,ok or not needed,none,,,,2026-07-19
nicholascounty.ky.gov,"Nicholas County, KY",open,allowed,200,bare,,ok or not needed,ok,,,,2026-08-18
ohiocounty.ky.gov,"Ohio County, KY",open,allowed,200,bare,,ok or not needed,ok,,,,2026-08-18
owencountyky.us,"Owen County, KY",open,allowed,200,bare,,ok or not needed,ok,,Pepyaka,,2026-08-18
grantcounty.ky.gov,"Grant County, KY",open,allowed,200,bare,,ok or not needed,ok,,LiteSpeed,,2026-08-19
perrycountyky.gov,"Perry County, KY",blocks basic request,allowed,202,bare,captcha-challenge,ok or not needed,ok,SiteGround captcha,nginx,,2026-08-19
powellcounty.ky.gov,"Powell County, KY",open,allowed,200,bare,,ok or not needed,ok,,,,2026-08-18
pulaskigov.com,"Pulaski County, KY",open,allowed,200,bare,,ok or not needed,ok,,nginx,,2026-08-19
robertsoncounty.ky.gov,"Robertson County, KY",open,allowed,200,bare,,ok or not needed,ok,,,,2026-08-18
rockcastlecountyky.com,"Rockcastle County, KY",open,allowed,200,bare,,ok or not needed,ok,,nginx,,2026-08-18
rcky.us,"Rowan County, KY",open,allowed,200,bare,,ok or not needed,ok,,Squarespace,,2026-08-18
russellcountyky.gov,"Russell County, KY",open,allowed,200,bare,,ok or not needed,ok,,cloudflare,yes,2026-08-18
scottky.gov,"Scott County, KY",open,allowed,200,bare,,ok or not needed,ok,,LiteSpeed,,2026-08-19
simpsoncountyky.gov,"Simpson County, KY",open,allowed,200,bare,,ok or not needed,ok,,cloudflare,yes,2026-08-18
taylorcountyky.gov,"Taylor County, KY",open,allowed,200,bare,,ok or not needed,ok,,DPS,,2026-08-18
toddcounty.ky.gov,"Todd County, KY",open,allowed,200,bare,,ok or not needed,ok,,,,2026-08-18
triggcounty.ky.gov,"Trigg County, KY",open,allowed,200,bare,,ok or not needed,ok,,,,2026-08-18
warrencountyky.gov,"Warren County, KY",open,allowed,200,bare,,ok or not needed,ok,,cloudflare,yes,2026-09-11
washingtoncountyky.com,"Washington County, KY",open,allowed,200,bare,,ok or not needed,ok,,cloudflare,yes,2026-08-18
waynecounty.ky.gov,"Wayne County, KY",open,allowed,200,bare,,ok or not needed,ok,,,,2026-08-18
webstercountykentucky.org,"Webster County, KY",open,allowed,200,bare,,ok or not needed,ok,,cloudflare,yes,2026-08-17
whitleycountyfiscalcourt.com,"Whitley County, KY",open,allowed,200,bare-http,,ok or not needed,ok,,Microsoft-IIS,,2026-09-09
wolfecountyky.com,"Wolfe County, KY",open,allowed,200,bare,,ok or not needed,ok,,Apache,,2026-08-19
woodfordcountyky.gov,"Woodford County, KY",open,allowed,200,bare,,ok or not needed,ok,,,,2026-08-18
bentoncountytn.gov,"Benton County, TN",open,allowed,200,bare,,ok or not needed,ok,,Apache,,2026-08-18
campbellcountytn.gov,"Campbell County, TN",open,allowed,200,bare,,ok or not needed,ok,,nginx,,2026-08-18
carrollcountytn.gov,"Carroll County, TN",open,allowed,200,bare,,ok or not needed,ok,,Apache,,2026-08-18
cartercountytn.gov,"Carter County, TN",open,allowed,200,bare,,ok or not needed,ok,,,,2026-08-18
cheathamcountytn.gov,"Cheatham County, TN",open,allowed,200,bare,,ok or not needed,ok,,Apache,,2026-08-19
chestercountytn.org,"Chester County, TN",open,allowed,200,bare,,ok or not needed,ok,,Apache,,2026-08-18
claibornecountytn.gov,"Claiborne County, TN",open,allowed,200,bare,,ok or not needed,ok,,Apache,,2026-09-13
claycountytngov.com,"Clay County, TN",open,allowed,200,bare,,ok or not needed,ok,,Squarespace,,2026-08-19
crockettcountytn.com,"Crockett County, TN",open,allowed,200,bare,,ok or not needed,ok,,Pepyaka,,2026-08-18
nashville.gov,"Davidson County, TN",open,allowed,200,bare,,ok or not needed,ok,,cloudflare,yes,2026-08-19
decaturcountytn.gov,"Decatur County, TN",open,allowed,200,bare,,ok or not needed,ok,,nginx,,2026-08-19
dicksoncountytn.gov,"Dickson County, TN",open,allowed,200,bare,,ok or not needed,ok,,Apache,,2026-08-19
gibsontn.org,"Gibson County, TN",open,allowed,200,bare,,ok or not needed,ok,,Apache,,2026-09-09
hancockcountytn.com,"Hancock County, TN",open,allowed,200,bare,,ok or not needed,ok,,,,2026-09-13
hardemancounty.org,"Hardeman County, TN",open,allowed,200,bare,,ok or not needed,ok,,nginx,,2026-08-19
hardincogov.com,"Hardin County, TN",open,allowed,200,bare,,ok or not needed,ok,,nginx,,2026-09-13
hawkinscountytn.gov,"Hawkins County, TN",open,allowed,200,bare,,ok or not needed,ok,,Apache,,2026-08-18
hendersoncountytn.gov,"Henderson County, TN",open,allowed,200,bare,,ok or not needed,ok,,nginx,,2026-08-18
henrycountytn.org,"Henry County, TN",blocks basic request,allowed,503,bare,captcha-challenge,ok or not needed,ok,SiteGround captcha,LiteSpeed,,2026-08-18
hickmancountytn.gov,"Hickman County, TN",open,allowed,200,bare,,ok or not needed,ok,,nginx,,2026-08-18
explorehoustoncountytn.com,"Houston County, TN",open,allowed,200,bare,,ok or not needed,ok,,nginx,,2026-08-18
humphreyscountytn.gov,"Humphreys County, TN",open,allowed,200,www,,ok or not needed,ok,,Apache,,2026-09-09
johnsoncountytn.gov,"Johnson County, TN",open,allowed,200,bare,,ok or not needed,ok,,Pepyaka,,2026-08-18
lakecountytn.gov,"Lake County, TN",open,allowed,200,bare,,ok or not needed,ok,,Apache,,2026-08-18
maconcountytn.gov,"Macon County, TN",open,allowed,200,bare,,ok or not needed,ok,,,,2026-08-18
madisoncountytn.gov,"Madison County, TN",open,allowed,200,bare,,ok or not needed,ok,,Microsoft-IIS,,2026-08-18
mcnairycountytn.org,"McNairy County, TN",open,allowed,200,bare,,ok or not needed,ok,,cloudflare,yes,2026-08-18
montgomerytn.gov,"Montgomery County, TN",open,allowed,200,bare,,ok or not needed,ok,,openresty,,2026-08-18
obioncountytn.gov,"Obion County, TN",open,allowed,200,bare,,ok or not needed,ok,,nginx,,2026-09-11
gov.perrycountytn.com,"Perry County, TN",blocks everything,allowed,403,bare,denied-403,not reached,403,Other,Apache,,2026-08-18
robertsoncountytn.gov,"Robertson County, TN",robots.txt exclusion,disallowed,200,bare,,ok or not needed,none,,,,2026-07-19
scottcounty.com,"Scott County, TN",blocks basic request,allowed,202,bare,captcha-challenge,ok or not needed,ok,SiteGround captcha,nginx,,2026-08-19
stewartcogov.com,"Stewart County, TN",open,allowed,200,bare,,ok or not needed,ok,,Apache,,2026-08-18
sullivancountytn.gov,"Sullivan County, TN",open,allowed,200,bare,,ok or not needed,ok,,Microsoft-IIS,,2026-08-19
sumnercountytn.gov,"Sumner County, TN",blocks basic request,allowed,202,bare,captcha-challenge,ok or not needed,ok,SiteGround captcha,nginx,,2026-08-19
weakleycountytn.gov,"Weakley County, TN",open,allowed,200,bare,,ok or not needed,ok,,cloudflare,yes,2026-08-18
williamsoncounty-tn.gov,"Williamson County, TN",open,allowed,200,bare,,ok or not needed,ok,,,,2026-09-13
lewiscountytn.com,"Lewis County, TN",open,allowed,200,bare,,ok or not needed,ok,,cloudflare,yes,2026-08-19
meigscounty.org,"Meigs County, TN",open,allowed,200,bare,,ok or not needed,ok,,ESF,,2026-08-18
andersoncountytn.gov,"Anderson County, TN",broken or unreachable,allowed,error,bare,,ok or not needed,ok,,,,2026-08-18
bedfordcountytn.gov,"Bedford County, TN",open,allowed,200,bare,,ok or not needed,ok,,,,2026-08-19
bledsoetn.com,"Bledsoe County, TN",open,allowed,200,bare,,ok or not needed,ok,,nginx,,2026-08-19
blounttn.gov,"Blount County, TN",open,allowed,200,bare,,ok or not needed,ok,,,,2026-08-18
bradleycountytn.gov,"Bradley County, TN",blocks basic request,allowed,202,bare,captcha-challenge,ok or not needed,ok,SiteGround captcha,nginx,,2026-08-18
cannoncountytn.gov,"Cannon County, TN",open,allowed,200,bare,,ok or not needed,ok,,Apache,,2026-08-18
cockecountytn.gov,"Cocke County, TN",open,allowed,200,bare,,ok or not needed,ok,,Squarespace,,2026-08-18
coffeecountytn.gov,"Coffee County, TN",open,allowed,200,bare,,ok or not needed,ok,,,,2026-08-18
cumberlandcountytn.gov,"Cumberland County, TN",open,allowed,200,bare,,ok or not needed,ok,,nginx,,2026-09-13
dekalbtennessee.com,"DeKalb County, TN",open,allowed,200,bare,,ok or not needed,ok,,cloudflare,yes,2026-08-17
fentresscountytn.gov,"Fentress County, TN",open,allowed,200,bare,,ok or not needed,ok,,Apache,,2026-08-19
franklincotn.us,"Franklin County, TN",open,allowed,200,bare,,ok or not needed,ok,,Apache,,2026-08-18
gilescountytn.gov,"Giles County, TN",open,allowed,200,bare,,ok or not needed,ok,,cloudflare,yes,2026-08-18
graingercountytn.com,"Grainger County, TN",broken or unreachable,allowed,error,bare,,ok or not needed,ok,,,,2026-08-19
bisgreengovprd.wpenginepowered.com,"Greene County, TN",robots.txt exclusion,disallowed,200,bare,,ok or not needed,none,,cloudflare,yes,2026-09-09
grundycountytn.net,"Grundy County, TN",open,allowed,200,bare,,ok or not needed,ok,,Apache,,2026-08-18
hamblencountytn.gov,"Hamblen County, TN",open,allowed,200,bare,,ok or not needed,ok,,nginx,,2026-08-18
hamiltontn.gov,"Hamilton County, TN",open,allowed,200,bare,,ok or not needed,ok,,cloudflare,yes,2026-08-19
jacksoncountytn.gov,"Jackson County, TN",open,allowed,200,bare,,ok or not needed,ok,,cloudflare,yes,2026-09-09
jeffersoncountytn.gov,"Jefferson County, TN",open,allowed,200,bare,,ok or not needed,ok,,nginx,,2026-08-18
knoxcounty.org,"Knox County, TN",open,allowed,200,bare,,ok or not needed,ok,,nginx,,2026-08-19
lawrencecountytn.gov,"Lawrence County, TN",open,allowed,200,bare,,ok or not needed,ok,,Apache,,2026-08-18
lincolncountytn.gov,"Lincoln County, TN",open,allowed,200,bare,,ok or not needed,ok,,,,2026-08-18
loudoncounty-tn.gov,"Loudon County, TN",open,allowed,200,bare,,ok or not needed,ok,,cloudflare,yes,2026-08-18
marioncountytn.net,"Marion County, TN",open,allowed,200,bare,,ok or not needed,ok,,Squarespace,,2026-08-18
marshallcountytn.gov,"Marshall County, TN",open,allowed,200,bare,,ok or not needed,ok,,nginx,,2026-09-09
mcminncountytn.gov,"McMinn County, TN",open,allowed,200,bare,,ok or not needed,ok,,Apache,,2026-08-18
monroetn.gov,"Monroe County, TN",open,allowed,200,bare,,ok or not needed,ok,,cloudflare,yes,2026-08-18
metromoorecounty.org,"Moore County, TN",open,allowed,200,bare,,ok or not needed,ok,,,,2026-08-18
morgancountytn.gov,"Morgan County, TN",broken or unreachable,allowed,error,bare,,ok or not needed,ok,,,,2026-08-18
overtoncountytn.gov,"Overton County, TN",open,allowed,200,bare,,ok or not needed,ok,,Apache,,2026-08-18
polkgovernment.com,"Polk County, TN",open,allowed,200,bare,,ok or not needed,ok,,Apache,,2026-08-18
putnamcountytn.gov,"Putnam County, TN",open,allowed,200,bare,,ok or not needed,ok,,Apache,,2026-09-11
rheacountytn.org,"Rhea County, TN",open,allowed,200,bare,,ok or not needed,ok,,nginx,,2026-08-18
roanecountytn.gov,"Roane County, TN",open,allowed,200,bare,,ok or not needed,ok,,Flywheel,,2026-08-19
rutherfordcountytn.gov,"Rutherford County, TN",robots.txt exclusion,disallowed,200,bare,,ok or not needed,ok,,cloudflare,yes,2026-08-12
sequatchiecountytn.gov,"Sequatchie County, TN",blocks basic request and headless browser,allowed,403,bare,denied-403,blocked (403),ok,Other,nginx,,2026-08-24
seviercountytn.gov,"Sevier County, TN",open,allowed,200,bare,,ok or not needed,ok,,,,2026-08-18
smithcotn.com,"Smith County, TN",open,allowed,200,bare,,ok or not needed,ok,,Apache,,2026-08-19
trousdalecountytn.gov,"Trousdale County, TN",open,allowed,200,bare,,ok or not needed,ok,,cloudflare,yes,2026-08-16
unicoicountytn.com,"Unicoi County, TN",broken or unreachable,allowed,error,bare,,ok or not needed,ok,,,,2026-08-18
unioncountytn.gov,"Union County, TN",broken or unreachable,allowed,error,bare,,ok or not needed,ok,,,,2026-08-18
vanburencountytn.com,"Van Buren County, TN",open,allowed,200,bare,,ok or not needed,ok,,OpenBSD httpd,,2026-08-18
warrencountytn.gov,"Warren County, TN",open,allowed,200,bare,,ok or not needed,ok,,,,2026-08-18
washingtoncountytn.org,"Washington County, TN",open,allowed,200,bare,,ok or not needed,ok,,,,2026-09-11
waynecountytn.org,"Wayne County, TN",open,allowed,200,bare,,ok or not needed,ok,,,,2026-08-19
whitecountytn.gov,"White County, TN",open,allowed,200,bare,,ok or not needed,ok,,cloudflare,yes,2026-08-18
wilsoncountytn.gov,"Wilson County, TN",open,allowed,200,bare,,ok or not needed,ok,,,,2026-08-18
allendalecounty.com,"Allendale County, SC",robots.txt exclusion,disallowed,200,bare,,ok or not needed,none,,,,2026-07-19
bambergcounty.sc.gov,"Bamberg County, SC",open,allowed,200,www,,ok or not needed,ok,,nginx,,2026-09-09
beaufortcountysc.gov,"Beaufort County, SC",open,allowed,200,bare,,ok or not needed,ok,,AmazonS3,,2026-08-18
berkeleycountysc.gov,"Berkeley County, SC",blocks basic request,allowed,403,bare,cloudflare-challenge,ok or not needed,none,Cloudflare (other sites),cloudflare,yes,2026-07-25
charlestoncounty.gov,"Charleston County, SC",open,allowed,200,bare,,ok or not needed,ok,,,,2026-09-09
colletoncounty.org,"Colleton County, SC",open,allowed,200,bare,,ok or not needed,ok,,nginx,,2026-08-18
dorchestercountysc.gov,"Dorchester County, SC",blocks basic request and headless browser,allowed,403,bare,denied-403,blocked (403),ok,Granicus govAccess (Akamai),AkamaiGHost,,2026-08-24
hamptoncountysc.org,"Hampton County, SC",open,allowed,200,bare,,ok or not needed,ok,,,,2026-08-18
jaspercountysc.gov,"Jasper County, SC",open,allowed,200,bare,,ok or not needed,ok,,,,2026-08-18
orangeburgcounty.org,"Orangeburg County, SC",open,allowed,200,www,,ok or not needed,ok,,cloudflare,yes,2026-09-09
salemcountynj.gov,"Salem County, NJ",robots.txt exclusion,crawl-delay,200,bare,,ok or not needed,none,,cloudflare,yes,2026-07-19
algercounty.gov,"Alger County, MI",robots.txt exclusion,crawl-delay,200,bare,,ok or not needed,none,,,,2026-07-19
keweenawbay.org,"Baraga County, MI",open,allowed,200,bare,,ok or not needed,ok,,nginx,,2026-08-18
chippewacountymi.gov,"Chippewa County, MI",open,allowed,200,bare,,ok or not needed,ok,,Pepyaka,,2026-09-11
deltacountymi.gov,"Delta County, MI",open,allowed,200,bare,,ok or not needed,ok,,cloudflare,yes,2026-08-19
houghtoncounty.net,"Houghton County, MI",open,allowed,200,bare,,ok or not needed,ok,,nginx,,2026-08-19
lucecountymi.com,"Luce County, MI",open,allowed,200,bare,,ok or not needed,ok,,Pepyaka,,2026-08-18
mackinaccounty.net,"Mackinac County, MI",blocks everything,allowed,403,bare,denied-403,not reached,403,Cloudflare (other sites),cloudflare,yes,2026-09-11
schoolcraftcounty.net,"Schoolcraft County, MI",open,allowed,200,bare,,ok or not needed,ok,,cloudflare,yes,2026-08-18
alconacountymi.com,"Alcona County, MI",open,allowed,200,bare,,ok or not needed,ok,,cloudflare,yes,2026-08-19
allegancounty.org,"Allegan County, MI",blocks basic request and headless browser,allowed,403,bare,denied-403,blocked (403),ok,Granicus govAccess (Akamai),AkamaiGHost,,2026-08-24
alpenacounty.org,"Alpena County, MI",open,allowed,200,bare,,ok or not needed,ok,,,,2026-08-19
antrimcountymi.gov,"Antrim County, MI",open,allowed,200,bare,,ok or not needed,ok,,,,2026-08-18
barrycounty.org,"Barry County, MI",open,allowed,200,www,,ok or not needed,ok,,,,2026-09-09
benzieco.gov,"Benzie County, MI",open,allowed,200,bare,,ok or not needed,ok,,,,2026-08-18
calhouncountymi.gov,"Calhoun County, MI",open,allowed,200,bare,,ok or not needed,ok,,,,2026-08-19
charlevoixcounty.org,"Charlevoix County, MI",open,allowed,200,bare,,ok or not needed,ok,,,,2026-08-19
cheboygancounty.net,"Cheboygan County, MI",open,allowed,200,bare,,ok or not needed,ok,,nginx,,2026-08-18
clareco.net,"Clare County, MI",open,allowed,200,bare,,ok or not needed,ok,,LiteSpeed,,2026-08-18
emmetcounty.org,"Emmet County, MI",open,allowed,200,bare,,ok or not needed,ok,,cloudflare,yes,2026-08-18
gratiotmi.com,"Gratiot County, MI",open,allowed,200,bare,,ok or not needed,ok,,,,2026-08-18
ioniacounty.org,"Ionia County, MI",blocks basic request and headless browser,allowed,403,bare,denied-403,blocked (403),ok,Unknown platform on Google Cloud,nginx,,2026-08-24
isabellacounty.org,"Isabella County, MI",open,allowed,200,bare,,ok or not needed,ok,,Sucuri,,2026-08-18
kalcounty.gov,"Kalamazoo County, MI",open,allowed,200,bare,,ok or not needed,ok,,cloudflare,yes,2026-08-18
kalkaskacounty.net,"Kalkaska County, MI",open,allowed,200,bare,,ok or not needed,ok,,,,2026-08-19
kentcountymi.gov,"Kent County, MI",open,allowed,200,bare,,ok or not needed,ok,,cloudflare,yes,2026-08-19
lakecountymi.gov,"Lake County, MI",open,allowed,200,bare,,ok or not needed,ok,,cloudflare,yes,2026-08-18
manisteecountymi.gov,"Manistee County, MI",open,allowed,200,bare,,ok or not needed,ok,,,,2026-08-16
masoncounty.net,"Mason County, MI",open,allowed,200,bare,,ok or not needed,ok,,,,2026-08-18
mecostacounty.org,"Mecosta County, MI",open,allowed,200,bare,,ok or not needed,ok,,,,2026-08-18
midlandcountymi.gov,"Midland County, MI",open,allowed,200,bare,,ok or not needed,ok,,Apache,,2026-08-18
missaukee.org,"Missaukee County, MI",open,allowed,200,bare,,ok or not needed,ok,,,,2026-08-19
montcalm.us,"Montcalm County, MI",open,allowed,200,bare,,ok or not needed,ok,,,,2026-08-18
montcounty.org,"Montmorency County, MI",open,allowed,200,bare,,ok or not needed,ok,,cloudflare,yes,2026-08-18
co.muskegon.mi.us,"Muskegon County, MI",open,allowed,200,bare,,ok or not needed,ok,,,,2026-08-19
newaygocountymi.gov,"Newaygo County, MI",open,allowed,200,bare,,ok or not needed,ok,,nginx-rc,,2026-08-16
oceana.mi.us,"Oceana County, MI",open,allowed,200,bare,,ok or not needed,ok,,nginx,,2026-08-18
ocmi.us,"Ogemaw County, MI",open,allowed,200,bare,,ok or not needed,ok,,Apache,,2026-08-18
osceola-county.org,"Osceola County, MI",open,allowed,200,bare,,ok or not needed,ok,,,,2026-08-16
crawfordco.org,"Crawford County, MI",open,allowed,200,bare,,ok or not needed,ok,,cloudflare,yes,2026-08-15
oscodacountymi.com,"Oscoda County, MI",open,allowed,200,bare,,ok or not needed,ok,,Apache,,2026-08-19
otsegocountymi.gov,"Otsego County, MI",open,allowed,200,bare,,ok or not needed,ok,,cloudflare,yes,2026-08-18
miottawa.org,"Ottawa County, MI",blocks basic request,allowed,202,bare,captcha-challenge,ok or not needed,ok,SiteGround captcha,nginx,,2026-08-18
presqueislecounty.org,"Presque Isle County, MI",open,allowed,200,bare,,ok or not needed,ok,,LiteSpeed,,2026-08-19
roscommoncounty.net,"Roscommon County, MI",open,allowed,200,bare,,ok or not needed,ok,,Microsoft-IIS,,2026-08-19
vanburencountymi.gov,"Van Buren County, MI",open,allowed,200,bare,,ok or not needed,ok,,nginx,,2026-08-19
wexfordcounty.org,"Wexford County, MI",open,allowed,200,bare,,ok or not needed,ok,,cloudflare,yes,2026-08-18
brookecountywv.gov,"Brooke County, WV",open,allowed,200,bare,,ok or not needed,ok,,,,2026-08-18
hancockcountywv.org,"Hancock County, WV",open,allowed,200,bare,,ok or not needed,ok,,,,2026-08-18
marshallcountywv.gov,"Marshall County, WV",open,allowed,200,bare,,ok or not needed,ok,,nginx,,2026-08-18
ohiocountywv.gov,"Ohio County, WV",open,allowed,200,bare,,ok or not needed,ok,,cloudflare,yes,2026-08-18
harrisoncountywv.com,"Harrison County, WV",open,allowed,200,bare,,ok or not needed,ok,,Microsoft-IIS,,2026-08-18
marioncountywv.com,"Marion County, WV",open,allowed,200,bare,,ok or not needed,ok,,,,2026-09-12
monongaliacounty.gov,"Monongalia County, WV",open,allowed,200,bare,,ok or not needed,ok,,,,2026-08-18
wvcountytaylor.com,"Taylor County, WV",open,allowed,200,bare,,ok or not needed,ok,,cloudflare,yes,2026-08-18
tuckercounty.wv.gov,"Tucker County, WV",open,allowed,200,bare,,ok or not needed,ok,,Microsoft-IIS,,2026-08-18
wetzelcountywv.gov,"Wetzel County, WV",open,allowed,200,www,,ok or not needed,ok,,Pepyaka,,2026-09-09
tylercountywv.com,"Tyler County, WV",open,allowed,200,bare,,ok or not needed,ok,,nginx,,2026-08-18
braxtoncountywv.gov,"Braxton County, WV",open,allowed,200,bare,,ok or not needed,ok,,cloudflare,yes,2026-08-18
cabellcounty.org,"Cabell County, WV",open,allowed,200,bare,,ok or not needed,ok,,,,2026-08-18
calhouncounty.wv.gov,"Calhoun County, WV",open,allowed,200,bare,,ok or not needed,ok,,Microsoft-IIS,,2026-08-18
claycounty.wv.gov,"Clay County, WV",open,allowed,200,bare,,ok or not needed,ok,,Microsoft-IIS,,2026-09-13
doddridgecountywv.gov,"Doddridge County, WV",open,allowed,200,bare,,ok or not needed,ok,,cloudflare,yes,2026-08-18
fayettecounty.wv.gov,"Fayette County, WV",open,allowed,200,bare,,ok or not needed,ok,,Microsoft-IIS,,2026-09-11
gilmercounty.wv.gov,"Gilmer County, WV",open,allowed,200,bare,,ok or not needed,ok,,Microsoft-IIS,,2026-09-11
jacksoncounty.wv.gov,"Jackson County, WV",open,allowed,200,bare,,ok or not needed,ok,,Microsoft-IIS,,2026-08-18
kanawha.us,"Kanawha County, WV",open,allowed,200,bare,,ok or not needed,ok,,nginx,,2026-08-18
leecova.com,"Lee County, VA",open,allowed,200,bare,,ok or not needed,ok,,Pepyaka,,2026-08-18
lewiscountywv.org,"Lewis County, WV",blocks basic request,allowed,403,bare,cloudflare-challenge,ok or not needed,ok,Cloudflare (other sites),cloudflare,yes,2026-08-18
masoncountywv.gov,"Mason County, WV",open,allowed,200,bare,,ok or not needed,ok,,cloudflare,yes,2026-08-18
nicholascountywv.org,"Nicholas County, WV",open,allowed,200,bare,,ok or not needed,ok,,cloudflare,yes,2026-08-19
pleasantscountywv.gov,"Pleasants County, WV",open,allowed,200,bare,,ok or not needed,ok,,Pepyaka,,2026-08-18
putnamcountywv.gov,"Putnam County, WV",open,allowed,200,bare,,ok or not needed,ok,,nginx,,2026-08-18
randolphctywv.gov,"Randolph County, WV",open,allowed,200,bare,,ok or not needed,ok,,cloudflare,yes,2026-08-18
ritchiecounty.wv.gov,"Ritchie County, WV",open,allowed,200,bare,,ok or not needed,ok,,Microsoft-IIS,,2026-08-18
roanewv.com,"Roane County, WV",open,allowed,200,bare,,ok or not needed,ok,,,,2026-08-18
upshurcounty.org,"Upshur County, WV",open,allowed,200,bare,,ok or not needed,ok,,,,2026-08-18
waynecountywv.org,"Wayne County, WV",open,allowed,200,bare,,ok or not needed,ok,,openresty,,2026-08-18
wirtcounty.wv.gov,"Wirt County, WV",open,allowed,200,bare,,ok or not needed,ok,,Microsoft-IIS,,2026-08-18
woodcountywv.com,"Wood County, WV",open,allowed,200,bare,,ok or not needed,ok,,nginx,,2026-08-18
sullivancountynh.gov,"Sullivan County, NH",open,allowed,200,bare,,ok or not needed,ok,,Microsoft-IIS,,2026-08-18
yorkcountymaine.gov,"York County, ME",open,allowed,200,bare,,ok or not needed,ok,,Pepyaka,,2026-08-18
carrollcountynh.gov,"Carroll County, NH",open,allowed,200,bare,,ok or not needed,ok,,,,2026-08-19
grafton-county.com,"Grafton County, NH",open,allowed,200,bare,,ok or not needed,ok,,Apache,,2026-08-17
cooscountynh.gov,"Coös County, NH",open,allowed,200,bare,,ok or not needed,ok,,,,2026-08-18
capecod.gov,"Barnstable County, MA",open,allowed,200,bare,,ok or not needed,ok,,cloudflare,yes,2026-08-18
nantucket-ma.gov,"Nantucket, MA",open,allowed,200,bare,,ok or not needed,ok,,Microsoft-IIS,,2026-08-18
dukescounty.gov,"Dukes County, MA",open,allowed,200,www,,ok or not needed,ok,,nginx,,2026-09-09
cumberlandcountynj.gov,"Cumberland County, NJ",open,allowed,200,bare,,ok or not needed,ok,,QScend,,2026-08-18
alamancecountync.gov,"Alamance County, NC",open,allowed,200,bare,,ok or not needed,ok,,cloudflare,yes,2026-08-18
alexandercountync.gov,"Alexander County, NC",open,allowed,200,bare,,ok or not needed,ok,,Apache,,2026-08-19
alleghanycounty-nc.gov,"Alleghany County, NC",open,allowed,200,bare,,ok or not needed,ok,,LiteSpeed,,2026-08-19
co.anson.nc.us,"Anson County, NC",open,allowed,200,www,,ok or not needed,ok,,Microsoft-IIS,,2026-09-09
ashecountygov.com,"Ashe County, NC",open,allowed,200,bare,,ok or not needed,ok,,,,2026-08-18
averycountync.gov,"Avery County, NC",open,allowed,200,bare,,ok or not needed,ok,,,,2026-08-18
co.beaufort.nc.us,"Beaufort County, NC",open,allowed,200,bare,,ok or not needed,ok,,,,2026-08-19
bladennc.govoffice3.com,"Bladen County, NC",robots.txt exclusion,disallowed,200,bare,,ok or not needed,none,,,,2026-07-19
brunswickcountync.gov,"Brunswick County, NC",open,allowed,200,bare,,ok or not needed,ok,,,,2026-08-18
buncombenc.gov,"Buncombe County, NC",open,allowed,200,www,,ok or not needed,ok,,cloudflare,yes,2026-09-01
burkenc.org,"Burke County, NC",open,allowed,200,bare,,ok or not needed,ok,,cloudflare,yes,2026-08-18
cabarruscounty.us,"Cabarrus County, NC",open,allowed,200,www,,ok or not needed,ok,,,,2026-08-18
caldwellcountync.org,"Caldwell County, NC",open,allowed,200,bare,,ok or not needed,ok,,cloudflare,yes,2026-08-19
carteretcountync.gov,"Carteret County, NC",open,allowed,200,bare,,ok or not needed,ok,,cloudflare,yes,2026-08-18
caswellcountync.gov,"Caswell County, NC",open,allowed,200,bare,,ok or not needed,ok,,cloudflare,yes,2026-08-18
catawbacountync.gov,"Catawba County, NC",open,allowed,200,bare,,ok or not needed,ok,,Microsoft-IIS,,2026-08-18
chathamcountync.gov,"Chatham County, NC",blocks basic request and headless browser,allowed,403,bare,denied-403,blocked (403),ok,Granicus govAccess (Akamai),AkamaiGHost,,2026-08-24
cherokeecounty-nc.gov,"Cherokee County, NC",open,allowed,200,www,,ok or not needed,ok,,Microsoft-IIS,,2026-08-18
clayconc.com,"Clay County, NC",open,allowed,200,bare,,ok or not needed,ok,,Pepyaka,,2026-08-18
clevelandcounty.com,"Cleveland County, NC",open,allowed,200,www,,ok or not needed,ok,,nginx,,2026-08-18
columbusco.org,"Columbus County, NC",open,allowed,200,bare,,ok or not needed,ok,,cloudflare,yes,2026-08-19
cravencountync.gov,"Craven County, NC",open,allowed,200,bare,,ok or not needed,ok,,cloudflare,yes,2026-08-19
cumberlandcountync.gov,"Cumberland County, NC",open,allowed,200,bare,,ok or not needed,ok,,cloudflare,yes,2026-08-18
co.davidson.nc.us,"Davidson County, NC",open,allowed,200,bare,,ok or not needed,ok,,Microsoft-IIS,,2026-08-18
daviecountync.gov,"Davie County, NC",open,allowed,200,www,,ok or not needed,ok,,,,2026-09-09
duplinnc.gov,"Duplin County, NC",open,allowed,200,bare,,ok or not needed,ok,,,,2026-09-11
dconc.gov,"Durham County, NC",open,allowed,200,bare,,ok or not needed,ok,,Microsoft-IIS,,2026-08-19
wake.gov,"Wake County, NC",open,allowed,200,www,,ok or not needed,ok,,,,2026-08-26
edgecombecountync.gov,"Edgecombe County, NC",open,allowed,200,bare,,ok or not needed,ok,,,,2026-08-18
co.forsyth.nc.us,"Forsyth County, NC",open,allowed,200,bare,,ok or not needed,ok,,Microsoft-IIS,,2026-08-17
franklincountync.gov,"Franklin County, NC",open,allowed,200,bare,,ok or not needed,ok,,cloudflare,yes,2026-08-18
gastongov.com,"Gaston County, NC",open,allowed,200,bare,,ok or not needed,ok,,Microsoft-IIS,,2026-08-18
grahamcounty.org,"Graham County, NC",open,allowed,200,bare,,ok or not needed,ok,,Apache,,2026-08-18
granvillecounty.org,"Granville County, NC",open,allowed,200,bare,,ok or not needed,ok,,cloudflare,yes,2026-08-19
greenecountync.gov,"Greene County, NC",open,allowed,200,bare,,ok or not needed,ok,,cloudflare,yes,2026-08-18
guilfordcountync.gov,"Guilford County, NC",open,allowed,200,www,,ok or not needed,ok,,Apache,,2026-08-26
halifaxnc.com,"Halifax County, NC",open,allowed,200,bare,,ok or not needed,ok,,,,2026-08-19
harnett.org,"Harnett County, NC",open,allowed,200,bare,,ok or not needed,ok,,Microsoft-IIS,,2026-08-18
haywoodcountync.gov,"Haywood County, NC",open,allowed,200,bare,,ok or not needed,ok,,,,2026-08-24
hendersoncountync.gov,"Henderson County, NC",open,allowed,200,bare,,ok or not needed,ok,,cloudflare,yes,2026-08-18
hokecounty.net,"Hoke County, NC",open,allowed,200,bare,,ok or not needed,ok,,,,2026-08-18
iredellcountync.gov,"Iredell County, NC",open,allowed,200,bare,,ok or not needed,ok,,Microsoft-IIS,,2026-08-19
jacksonnc.org,"Jackson County, NC",open,allowed,200,bare,,ok or not needed,ok,,cloudflare,yes,2026-08-19
johnstonnc.gov,"Johnston County, NC",open,allowed,200,bare,,ok or not needed,ok,,Microsoft-IIS,,2026-08-18
jonescountync.gov,"Jones County, NC",open,allowed,200,bare,,ok or not needed,ok,,cloudflare,yes,2026-08-18
leecountync.gov,"Lee County, NC",robots.txt exclusion,disallowed,200,bare,,ok or not needed,none,,,,2026-07-19
lenoircountync.gov,"Lenoir County, NC",open,allowed,200,bare,,ok or not needed,ok,,cloudflare,yes,2026-08-19
lincolncountync.gov,"Lincoln County, NC",open,allowed,200,bare,,ok or not needed,ok,,,,2026-08-19
maconnc.org,"Macon County, NC",broken or unreachable,allowed,error,bare,,ok or not needed,none,,,,2026-09-11
madisoncountync.gov,"Madison County, NC",open,allowed,200,bare,,ok or not needed,ok,,cloudflare,yes,2026-08-18
martincountync.gov,"Martin County, NC",open,allowed,200,bare,,ok or not needed,ok,,,,2026-08-18
mcdowellnc.gov,"McDowell County, NC",open,allowed,200,bare,,ok or not needed,ok,,Apache,,2026-09-09
mecknc.gov,"Mecklenburg County, NC",open,allowed,200,bare,,ok or not needed,ok,,cloudflare,yes,2026-08-19
mitchellcountync.gov,"Mitchell County, NC",blocks basic request,allowed,202,bare,captcha-challenge,ok or not needed,ok,Cloudflare (other sites),cloudflare,yes,2026-08-18
montgomerycountync.gov,"Montgomery County, NC",open,allowed,200,bare,,ok or not needed,ok,,cloudflare,yes,2026-08-18
moorecountync.gov,"Moore County, NC",open,allowed,200,bare,,ok or not needed,ok,,cloudflare,yes,2026-08-18
nashcountync.gov,"Nash County, NC",open,allowed,200,bare,,ok or not needed,ok,,,,2026-08-18
nhcgov.com,"New Hanover County, NC",open,allowed,200,bare,,ok or not needed,failed,,,,2026-09-12
northamptonnc.com,"Northampton County, NC",open,allowed,200,bare,,ok or not needed,ok,,,,2026-08-18
onslowcountync.gov,"Onslow County, NC",open,allowed,200,bare,,ok or not needed,ok,,cloudflare,yes,2026-08-19
orangecountync.gov,"Orange County, NC",open,allowed,200,bare,,ok or not needed,ok,,,,2026-09-11
pamlicocounty.org,"Pamlico County, NC",open,allowed,200,bare,,ok or not needed,ok,,,,2026-08-19
pendercountync.gov,"Pender County, NC",open,allowed,200,bare,,ok or not needed,ok,,,,2026-08-18
personcountync.gov,"Person County, NC",blocks everything,allowed,403,bare,denied-403,not reached,403,Cloudflare (other sites),cloudflare,yes,2026-08-18
pittcountync.gov,"Pitt County, NC",open,allowed,200,bare,,ok or not needed,ok,,,,2026-08-18
polknc.gov,"Polk County, NC",open,allowed,200,bare,,ok or not needed,ok,,,,2026-08-19
randolphcountync.gov,"Randolph County, NC",open,allowed,200,bare,,ok or not needed,ok,,,,2026-08-19
richmondnc.com,"Richmond County, NC",open,allowed,200,bare,,ok or not needed,ok,,,,2026-08-19
robesoncountync.gov,"Robeson County, NC",open,allowed,200,bare,,ok or not needed,ok,,Pepyaka,,2026-08-19
rockinghamcountync.gov,"Rockingham County, NC",blocks basic request and headless browser,allowed,403,bare,cloudflare-challenge,blocked (403),ok,Cloudflare (other sites),cloudflare,yes,2026-08-24
rowancountync.gov,"Rowan County, NC",open,allowed,200,bare,,ok or not needed,ok,,cloudflare,yes,2026-08-19
rutherfordcountync.gov,"Rutherford County, NC",open,allowed,200,bare,,ok or not needed,ok,,,,2026-08-19
sampsoncountync.gov,"Sampson County, NC",open,allowed,200,www,,ok or not needed,ok,,,,2026-08-18
scotlandcounty.org,"Scotland County, NC",open,allowed,200,bare,,ok or not needed,ok,,,,2026-08-18
stanlycountync.gov,"Stanly County, NC",open,allowed,200,bare,,ok or not needed,ok,,cloudflare,yes,2026-08-19
co.stokes.nc.us,"Stokes County, NC",open,allowed,200,bare,,ok or not needed,ok,,,,2026-08-18
co.surry.nc.us,"Surry County, NC",open,allowed,200,bare,,ok or not needed,ok,,,,2026-08-18
swaincountync.gov,"Swain County, NC",open,allowed,200,bare,,ok or not needed,ok,,cloudflare,yes,2026-08-18
transylvaniacounty.org,"Transylvania County, NC",open,allowed,200,bare,,ok or not needed,ok,,cloudflare,yes,2026-08-19
tyrrellcounty.org,"Tyrrell County, NC",open,allowed,200,bare-http,,ok or not needed,ok,,nginx,,2026-09-09
unioncountync.gov,"Union County, NC",blocks everything,allowed,403,www,denied-403,not reached,403,Granicus govAccess (Akamai),AkamaiGHost,,2026-08-27
vancecounty.org,"Vance County, NC",robots.txt exclusion,disallowed,200,bare,,ok or not needed,ok,,LiteSpeed,,2026-08-12
warrencountync.com,"Warren County, NC",open,allowed,200,bare,,ok or not needed,ok,,Microsoft-IIS,,2026-08-18
washconc.org,"Washington County, NC",open,allowed,200,bare,,ok or not needed,ok,,cloudflare,yes,2026-08-16
wataugacounty.org,"Watauga County, NC",open,allowed,200,bare,,ok or not needed,ok,,Microsoft-IIS,,2026-08-19
waynegov.com,"Wayne County, NC",open,allowed,200,bare,,ok or not needed,ok,,,,2026-08-19
wilkescounty.net,"Wilkes County, NC",open,allowed,200,bare,,ok or not needed,ok,,,,2026-08-18
wilsoncountync.gov,"Wilson County, NC",blocks everything,allowed,403,bare,denied-403,not reached,403,Other,Microsoft-IIS,,2026-08-18
yadkincountync.gov,"Yadkin County, NC",open,allowed,200,www,,ok or not needed,ok,,,,2026-09-09
yanceycountync.gov,"Yancey County, NC",open,allowed,200,bare,,ok or not needed,ok,,,,2026-08-18
ectorcountytx.gov,"Ector County, TX",open,allowed,200,www,,ok or not needed,ok,,cloudflare,yes,2026-09-09
co.midland.tx.us,"Midland County, TX",open,allowed,200,bare,,ok or not needed,ok,,,,2026-08-19
abbevillecountysc.com,"Abbeville County, SC",open,allowed,200,bare,,ok or not needed,ok,,nginx,,2026-08-18
aikencountysc.gov,"Aiken County, SC",open,allowed,200,bare,,ok or not needed,ok,,cloudflare,yes,2026-08-18
barnwellcountysc.us,"Barnwell County, SC",open,allowed,200,bare,,ok or not needed,ok,,,,2026-09-13
calhouncounty.sc.gov,"Calhoun County, SC",open,allowed,200,bare,,ok or not needed,ok,,nginx,,2026-08-18
cherokeecountysc.gov,"Cherokee County, SC",open,allowed,200,bare,,ok or not needed,ok,,cloudflare,yes,2026-08-18
chestercountysc.gov,"Chester County, SC",blocks basic request,allowed,403,bare,cloudflare-challenge,ok or not needed,ok,Cloudflare (other sites),cloudflare,yes,2026-08-19
chesterfieldcountysc.com,"Chesterfield County, SC",open,allowed,200,bare,,ok or not needed,ok,,Pepyaka,,2026-08-18
clarendoncountysc.gov,"Clarendon County, SC",open,allowed,200,www,,ok or not needed,ok,,,,2026-09-09
darcosc.com,"Darlington County, SC",open,allowed,200,bare,,ok or not needed,ok,,,,2026-09-11
dilloncountysc.org,"Dillon County, SC",open,allowed,200,bare,,ok or not needed,ok,,,,2026-08-18
edgefieldcounty.sc.gov,"Edgefield County, SC",blocks basic request,allowed,202,bare,captcha-challenge,ok or not needed,ok,SiteGround captcha,nginx,,2026-08-18
fairfieldsc.com,"Fairfield County, SC",open,allowed,200,bare,,ok or not needed,ok,,nginx,,2026-08-19
florencecountysc.gov,"Florence County, SC",open,allowed,200,www,,ok or not needed,ok,,Apache,,2026-09-09
gtcountysc.gov,"Georgetown County, SC",open,allowed,200,www,,ok or not needed,ok,,,,2026-09-09
greenwoodcounty-sc.gov,"Greenwood County, SC",open,allowed,200,bare,,ok or not needed,ok,,Pepyaka,,2026-08-18
horrycountysc.gov,"Horry County, SC",open,allowed,200,bare,,ok or not needed,ok,,,,2026-08-18
kershaw.sc.gov,"Kershaw County, SC",blocks basic request and headless browser,allowed,403,bare,denied-403,blocked (403),ok,Granicus govAccess (Akamai),AkamaiGHost,,2026-08-24
lancastercountysc.gov,"Lancaster County, SC",open,allowed,200,bare,,ok or not needed,ok,,cloudflare,yes,2026-09-11
leecountysc.org,"Lee County, SC",open,allowed,200,bare,,ok or not needed,ok,,,,2026-08-19
lex-co.sc.gov,"Lexington County, SC",open,allowed,200,bare,,ok or not needed,ok,,nginx,,2026-08-18
marionsc.org,"Marion County, SC",open,allowed,200,bare,,ok or not needed,ok,,,,2026-08-19
marlborocounty.sc.gov,"Marlboro County, SC",open,allowed,200,bare,,ok or not needed,ok,,,,2026-08-18
mccormickcountysc.org,"McCormick County, SC",open,allowed,200,bare,,ok or not needed,ok,,,,2026-08-18
newberrycounty.gov,"Newberry County, SC",open,allowed,200,bare,,ok or not needed,ok,,nginx,,2026-08-18
richlandcountysc.gov,"Richland County, SC",open,allowed,200,www,,ok or not needed,ok,,,,2026-08-18
saludacounty.sc.gov,"Saluda County, SC",open,allowed,200,bare,,ok or not needed,ok,,nginx,,2026-08-16
sumtercountysc.gov,"Sumter County, SC",open,allowed,200,bare,,ok or not needed,ok,,,,2026-08-18
gearupunionsc.com,"Union County, SC",open,allowed,200,bare,,ok or not needed,ok,,Flywheel,,2026-08-18
williamsburgcounty.sc.gov,"Williamsburg County, SC",open,allowed,200,bare,,ok or not needed,ok,,Microsoft-IIS,,2026-08-18
yorkcountysc.gov,"York County, SC",open,allowed,200,www,,ok or not needed,ok,,cloudflare,yes,2026-09-09
co.alleghany.va.us,"Alleghany County, VA",robots.txt exclusion,crawl-delay,200,bare,,ok or not needed,none,,,,2026-07-18
countyofamherst.com,"Amherst County, VA",robots.txt exclusion,crawl-delay,200,bare,,ok or not needed,none,,nginx,,2026-07-19
bathcountyva.gov,"Bath County, VA",open,allowed,200,bare,,ok or not needed,ok,,cloudflare,yes,2026-08-18
bedfordcountyva.gov,"Bedford County, VA",blocks basic request and headless browser,allowed,403,bare,denied-403,blocked (403),ok,Granicus govAccess (Akamai),AkamaiGHost,,2026-08-24
blandcountyva.gov,"Bland County, VA",open,allowed,200,bare,,ok or not needed,ok,,,,2026-08-19
botetourtva.gov,"Botetourt County, VA",open,allowed,200,bare,,ok or not needed,ok,,cloudflare,yes,2026-08-18
buchanancountyvirginia.gov,"Buchanan County, VA",open,allowed,200,bare,,ok or not needed,ok,,nginx,,2026-08-18
co.campbell.va.us,"Campbell County, VA",open,allowed,200,www,,ok or not needed,ok,,,,2026-09-09
carrollcountyva.gov,"Carroll County, VA",open,allowed,200,bare,,ok or not needed,ok,,,,2026-08-18
craigcountyva.gov,"Craig County, VA",open,allowed,200,bare,,ok or not needed,ok,,cloudflare,yes,2026-08-18
dickensonva.org,"Dickenson County, VA",open,allowed,200,bare,,ok or not needed,ok,,,,2026-08-18
floydcova.gov,"Floyd County, VA",open,allowed,200,bare,,ok or not needed,ok,,Pepyaka,,2026-08-18
franklincountyva.gov,"Franklin County, VA",open,allowed,200,bare,,ok or not needed,ok,,,,2026-08-18
virginiasmtnplayground.com,"Giles County, VA",blocks basic request,allowed,403,bare,denied-403,ok or not needed,ok,Unknown platform on Google Cloud,nginx,,2026-08-16
graysoncountyva.gov,"Grayson County, VA",open,allowed,200,bare,,ok or not needed,ok,,,,2026-08-18
halifaxcountyva.gov,"Halifax County, VA",open,allowed,200,bare,,ok or not needed,ok,,,,2026-08-17
henrycountyva.gov,"Henry County, VA",open,allowed,200,bare,,ok or not needed,ok,,,,2026-08-18
montva.com,"Montgomery County, VA",open,allowed,200,bare,,ok or not needed,ok,,Microsoft-IIS,,2026-08-18
co.patrick.va.us,"Patrick County, VA",open,allowed,200,bare,,ok or not needed,ok,,,,2026-08-17
pittsylvaniacountyva.gov,"Pittsylvania County, VA",open,allowed,200,bare,,ok or not needed,ok,,cloudflare,yes,2026-08-18
pulaskicounty.org,"Pulaski County, VA",open,allowed,200,bare,,ok or not needed,ok,,,,2026-08-18
roanokecountyva.gov,"Roanoke County, VA",open,allowed,200,bare,,ok or not needed,ok,,,,2026-08-18
co.rockbridge.va.us,"Rockbridge County, VA",open,allowed,200,www,,ok or not needed,ok,,Microsoft-IIS,,2026-09-09
russellcountyva.us,"Russell County, VA",open,allowed,200,bare,,ok or not needed,ok,,,,2026-09-09
scottcountyva.gov,"Scott County, VA",open,allowed,200,www,,ok or not needed,ok,,,,2026-09-09
smythcounty.org,"Smyth County, VA",open,allowed,200,bare,,ok or not needed,ok,,,,2026-08-19
tazewellcountyva.org,"Tazewell County, VA",open,allowed,200,bare,,ok or not needed,ok,,nginx,,2026-08-17
washcova.com,"Washington County, VA",open,allowed,200,bare,,ok or not needed,ok,,nginx,,2026-08-18
wisecounty.org,"Wise County, VA",open,allowed,200,bare,,ok or not needed,ok,,,,2026-08-18
wytheco.org,"Wythe County, VA",open,allowed,200,bare,,ok or not needed,ok,,cloudflare,yes,2026-08-18
albemarle.org,"Albemarle County, VA",blocks basic request and headless browser,allowed,403,www,denied-403,blocked (403),ok,Granicus govAccess (Akamai),AkamaiGHost,,2026-08-26
ameliacova.com,"Amelia County, VA",open,allowed,200,bare,,ok or not needed,ok,,,,2026-08-18
appomattoxcountyva.gov,"Appomattox County, VA",open,allowed,200,bare,,ok or not needed,ok,,,,2026-08-18
co.augusta.va.us,"Augusta County, VA",blocks basic request and headless browser,allowed,403,bare,denied-403,blocked (403),ok,Granicus govAccess (Akamai),AkamaiGHost,,2026-08-24
brunswickco.com,"Brunswick County, VA",open,allowed,200,bare,,ok or not needed,ok,,cloudflare,yes,2026-08-18
buckinghamcountyva.org,"Buckingham County, VA",open,allowed,200,bare,,ok or not needed,ok,,,,2026-08-18
co.caroline.va.us,"Caroline County, VA",open,allowed,200,bare,,ok or not needed,ok,,Microsoft-IIS,,2026-08-19
charlescityva.us,"Charles City County, VA",open,allowed,200,bare,,ok or not needed,ok,,Microsoft-IIS,,2026-08-18
charlottecountyva.gov,"Charlotte County, VA",robots.txt exclusion,disallowed,200,bare,,ok or not needed,none,,,,2026-07-19
chesterfield.gov,"Chesterfield County, VA",open,allowed,200,www,,ok or not needed,ok,,cloudflare,yes,2026-08-27
web.culpepercounty.gov,"Culpeper County, VA",blocks basic request and headless browser,allowed,403,bare,cloudflare-challenge,blocked (403),ok,CivicPlus (Cloudflare),cloudflare,yes,2026-08-24
cumberlandcounty.virginia.gov,"Cumberland County, VA",open,allowed,200,bare,,ok or not needed,ok,,,,2026-08-18
dinwiddieva.us,"Dinwiddie County, VA",open,allowed,200,bare,,ok or not needed,ok,,,,2026-08-19
essexva.gov,"Essex County, VA",open,allowed,200,bare,,ok or not needed,ok,,cloudflare,yes,2026-08-19
fluvannacounty.org,"Fluvanna County, VA",open,allowed,200,bare,,ok or not needed,ok,,,,2026-08-18
gloucesterva.gov,"Gloucester County, VA",open,allowed,200,bare,,ok or not needed,ok,,Squarespace,,2026-08-17
goochlandva.us,"Goochland County, VA",open,allowed,200,bare,,ok or not needed,ok,,,,2026-08-18
greenecountyva.gov,"Greene County, VA",open,allowed,200,bare,,ok or not needed,ok,,,,2026-08-19
greensvillecountyva.gov,"Greensville County, VA",robots.txt exclusion,disallowed,200,bare,,ok or not needed,none,,,,2026-07-19
hanovercounty.gov,"Hanover County, VA",open,allowed,200,bare,,ok or not needed,ok,,cloudflare,yes,2026-08-19
highlandcova.org,"Highland County, VA",blocks basic request,allowed,403,www,cloudflare-challenge,error,ok,CivicPlus (Cloudflare),cloudflare,yes,2026-08-18
isleofwight.gov,"Isle of Wight County, VA",open,allowed,200,bare,,ok or not needed,ok,,,,2026-08-16
jamescitycountyva.gov,"James City County, VA",open,allowed,200,www,,ok or not needed,ok,,cloudflare,yes,2026-08-27
kingandqueenco.net,"King and Queen County, VA",open,allowed,200,bare,,ok or not needed,ok,,cloudflare,yes,2026-08-18
lancova.com,"Lancaster County, VA",open,allowed,200,bare,,ok or not needed,ok,,Microsoft-IIS,,2026-08-19
lunenburgva.gov,"Lunenburg County, VA",open,allowed,200,bare,,ok or not needed,ok,,,,2026-08-18
madisonco.virginia.gov,"Madison County, VA",open,allowed,200,bare,,ok or not needed,ok,,,,2026-08-19
mathewscountyva.gov,"Mathews County, VA",open,allowed,200,bare,,ok or not needed,ok,,,,2026-09-11
mecklenburgva.com,"Mecklenburg County, VA",open,allowed,200,bare,,ok or not needed,ok,,,,2026-08-19
co.middlesex.va.us,"Middlesex County, VA",open,allowed,200,bare,,ok or not needed,ok,,,,2026-08-18
nelsoncounty-va.gov,"Nelson County, VA",blocks basic request,allowed,403,bare,denied-403,ok or not needed,ok,Cloudflare (other sites),cloudflare,yes,2026-08-19
newkent-va.us,"New Kent County, VA",open,allowed,200,bare,,ok or not needed,ok,,,,2026-08-16
co.northampton.va.us,"Northampton County, VA",open,allowed,200,bare,,ok or not needed,ok,,cloudflare,yes,2026-08-17
nottoway.org,"Nottoway County, VA",open,allowed,200,bare,,ok or not needed,ok,,,,2026-08-18
pagecounty.virginia.gov,"Page County, VA",open,allowed,200,bare,,ok or not needed,ok,,,,2026-08-19
powhatanva.gov,"Powhatan County, VA",open,allowed,200,bare,,ok or not needed,ok,,,,2026-08-18
co.prince-edward.va.us,"Prince Edward County, VA",open,allowed,200,www,,ok or not needed,ok,,,,2026-08-18
princegeorgecountyva.gov,"Prince George County, VA",open,allowed,200,bare,,ok or not needed,ok,,,,2026-08-18
rappahannockcountyva.gov,"Rappahannock County, VA",robots.txt exclusion,disallowed,200,bare,,ok or not needed,none,,,,2026-07-19
co.richmond.va.us,"Richmond County, VA",open,allowed,200,bare,,ok or not needed,ok,,Apache,,2026-08-18
rockinghamcountyva.gov,"Rockingham County, VA",open,allowed,200,bare,,ok or not needed,ok,,,,2026-08-18
shenandoahcountyva.gov,"Shenandoah County, VA",open,allowed,200,bare,,ok or not needed,ok,,,,2026-08-19
southamptoncounty.org,"Southampton County, VA",open,allowed,200,bare,,ok or not needed,ok,,,,2026-08-19
surrycountyva.gov,"Surry County, VA",open,allowed,200,bare,,ok or not needed,ok,,,,2026-08-19
sussexcountyva.gov,"Sussex County, VA",open,allowed,200,bare,,ok or not needed,ok,,Flywheel,,2026-08-18
androscoggincountymaine.gov,"Androscoggin County, ME",open,allowed,200,bare,,ok or not needed,ok,,,,2026-08-19
aroostook.me.us,"Aroostook County, ME",open,allowed,200,bare,,ok or not needed,ok,,cloudflare,yes,2026-08-19
cumberlandcountyme.gov,"Cumberland County, ME",open,allowed,200,bare,,ok or not needed,ok,,,,2026-08-19
franklincountymaine.gov,"Franklin County, ME",open,allowed,200,bare,,ok or not needed,ok,,Apache,,2026-08-18
hancockcountymaine.gov,"Hancock County, ME",blocks everything,allowed,202,bare,captcha-challenge,not reached,403,SiteGround captcha,nginx,,2026-09-11
kennebec.gov,"Kennebec County, ME",open,allowed,200,bare,,ok or not needed,ok,,Microsoft-IIS,,2026-08-19
knoxcountymaine.gov,"Knox County, ME",open,allowed,200,bare,,ok or not needed,ok,,,,2026-08-18
lincolncountymaine.me,"Lincoln County, ME",open,allowed,200,bare,,ok or not needed,ok,,Pepyaka,,2026-09-11
oxfordcounty.org,"Oxford County, ME",open,allowed,200,bare,,ok or not needed,ok,,nginx,,2026-08-19
penobscot-county.net,"Penobscot County, ME",open,allowed,200,bare,,ok or not needed,ok,,,,2026-08-18
piscataquis.us,"Piscataquis County, ME",blocks basic request,allowed,202,bare,captcha-challenge,ok or not needed,ok,SiteGround captcha,nginx,,2026-08-18
sagadahoccountyme.gov,"Sagadahoc County, ME",open,allowed,200,bare,,ok or not needed,ok,,,,2026-08-18
somersetcounty-me.org,"Somerset County, ME",blocks basic request,allowed,202,bare,captcha-challenge,ok or not needed,ok,SiteGround captcha,nginx,,2026-08-18
waldocountyme.gov,"Waldo County, ME",open,allowed,200,bare,,ok or not needed,ok,,cloudflare,yes,2026-08-18
wcut.maine.gov,"Washington County, ME",open,allowed,200,bare,,ok or not needed,ok,,nginx,,2026-08-18
boonecountywv.org,"Boone County, WV",open,allowed,200,bare,,ok or not needed,ok,,Apache,,2026-08-19
greenbrierwv.gov,"Greenbrier County, WV",open,allowed,200,www,,ok or not needed,ok,,cloudflare,yes,2026-09-09
hardycounty.com,"Hardy County, WV",open,allowed,200,bare-http,,ok or not needed,ok,,Apache,,2026-09-09
lincolncountywv.org,"Lincoln County, WV",open,allowed,200,bare,,ok or not needed,ok,,cloudflare,yes,2026-08-18
logancounty.wv.gov,"Logan County, WV",open,allowed,200,bare,,ok or not needed,ok,,Microsoft-IIS,,2026-08-18
mcdowellcountycommission.com,"McDowell County, WV",blocks basic request,allowed,202,bare,captcha-challenge,ok or not needed,ok,SiteGround captcha,nginx,,2026-08-18
mercercountywv.com,"Mercer County, WV",open,allowed,200,bare,,ok or not needed,ok,,cloudflare,yes,2026-08-18
monroecountywv.gov,"Monroe County, WV",open,allowed,200,bare,,ok or not needed,ok,,cloudflare,yes,2026-08-18
pencowv.com,"Pendleton County, WV",open,allowed,200,bare,,ok or not needed,ok,,nginx,,2026-08-18
pocahontascountywv.com,"Pocahontas County, WV",open,allowed,200,bare,,ok or not needed,ok,,cloudflare,yes,2026-08-19
raleighcounty.gov,"Raleigh County, WV",blocks basic request,allowed,202,bare,captcha-challenge,ok or not needed,ok,SiteGround captcha,nginx,,2026-08-18
summerscountywv.gov,"Summers County, WV",open,allowed,200,bare,,ok or not needed,ok,,,,2026-08-18
webstercounty.wv.gov,"Webster County, WV",open,allowed,200,bare,,ok or not needed,ok,,Microsoft-IIS,,2026-08-18
wycowv.gov,"Wyoming County, WV",open,allowed,200,www,,ok or not needed,ok,,Pepyaka,,2026-09-09
lewiscountyny.gov,"Lewis County, NY",open,allowed,200,bare,,ok or not needed,ok,,nginx,,2026-08-19
atlantic-county.org,"Atlantic County, NJ",blocks basic request and headless browser,allowed,403,bare,denied-403,blocked (403),ok,Other,,,2026-08-24
capemaycountynj.gov,"Cape May County, NJ",open,allowed,200,bare,,ok or not needed,ok,,,,2026-09-11
gloucestercountynj.gov,"Gloucester County, NJ",open,allowed,200,bare,,ok or not needed,ok,,,,2026-08-18
morriscountynj.gov,"Morris County, NJ",open,allowed,200,www,,ok or not needed,ok,,,,2026-08-18
passaiccountynj.org,"Passaic County, NJ",blocks basic request and headless browser,allowed,403,bare,denied-403,blocked (403),ok,Granicus govAccess (Akamai),AkamaiGHost,,2026-08-24
sussex.nj.us,"Sussex County, NJ",open,allowed,200,bare,,ok or not needed,ok,,cloudflare,yes,2026-08-18
warrencountynj.gov,"Warren County, NJ",blocks basic request and headless browser,allowed,403,bare,denied-403,blocked (403),ok,Granicus govAccess (Akamai),AkamaiGHost,,2026-08-24
monroecounty.ky.gov,"Monroe County, KY",open,allowed,200,bare,,ok or not needed,ok,,,,2026-08-18
alleghenycounty.us,"Allegheny County, PA",open,allowed,200,www,,ok or not needed,ok,,,,2026-08-18
co.armstrong.pa.us,"Armstrong County, PA",open,allowed,200,bare,,ok or not needed,ok,,LiteSpeed,,2026-08-18
beavercountypa.gov,"Beaver County, PA",open,allowed,200,bare,,ok or not needed,ok,,Microsoft-IIS,,2026-08-18
butlercountypa.gov,"Butler County, PA",open,allowed,200,bare,,ok or not needed,ok,,,,2026-08-18
wrangell.com,"Wrangell, AK",open,allowed,200,bare,,ok or not needed,ok,,,,2026-08-19
borough.ketchikan.ak.us,"Ketchikan Gateway Borough, AK",open,allowed,200,bare,,ok or not needed,ok,,,,2026-08-18
aleutianseast.org,"Aleutians East Borough, AK",open,allowed,200,bare,,ok or not needed,ok,,,,2026-08-18
muni.org,"Anchorage, AK",open,allowed,200,www,,ok or not needed,ok,,cloudflare,yes,2026-08-18
bristolbayboroughak.us,"Bristol Bay Borough, AK",open,allowed,200,bare,,ok or not needed,ok,,,,2026-08-16
denaliborough.govoffice.com,"Denali Borough, AK",robots.txt exclusion,disallowed,200,bare,,ok or not needed,none,,,,2026-07-19
fnsb.gov,"Fairbanks North Star Borough, AK",open,allowed,200,bare,,ok or not needed,ok,,Microsoft-IIS,,2026-09-09
hainesalaska.gov,"Haines Borough, AK",blocks basic request and headless browser,allowed,403,bare,cloudflare-challenge,blocked (403),ok,Cloudflare (other sites),cloudflare,yes,2026-08-24
juneau.org,"Juneau, AK",open,allowed,200,bare,,ok or not needed,ok,,cloudflare,yes,2026-08-19
kodiakak.us,"Kodiak Island Borough, AK",open,allowed,200,bare,,ok or not needed,ok,,Microsoft-IIS,,2026-08-18
lakeandpen.com,"Lake and Peninsula Borough, AK",open,allowed,200,bare,,ok or not needed,ok,,Apache,,2026-08-18
matsu.gov,"Matanuska-Susitna Borough, AK",open,allowed,200,bare,,ok or not needed,ok,,,,2026-09-09
north-slope.org,"North Slope Borough, AK",open,allowed,200,bare,,ok or not needed,ok,,Apache,,2026-08-18
nwabor.org,"Northwest Arctic Borough, AK",open,allowed,200,bare,,ok or not needed,ok,,nginx,,2026-08-19
petersburgak.gov,"Petersburg Borough, AK",open,allowed,200,bare,,ok or not needed,ok,,,,2026-08-18
cityofsitka.com,"Sitka, AK",open,allowed,200,www,,ok or not needed,ok,,,,2026-08-18
skagway.org,"Skagway, AK",blocks basic request and headless browser,allowed,403,bare,cloudflare-challenge,blocked (403),ok,Cloudflare (other sites),cloudflare,yes,2026-08-24
yakutatak.us,"Yakutat, AK",blocks basic request and headless browser,allowed,403,bare,cloudflare-challenge,blocked (403),ok,Cloudflare (other sites),cloudflare,yes,2026-08-18
kpb.us,"Kenai Peninsula Borough, AK",open,allowed,200,www,,ok or not needed,ok,,cloudflare,yes,2026-09-11
westmoreland-county.org,"Westmoreland County, VA",open,allowed,200,bare,,ok or not needed,ok,,cloudflare,yes,2026-08-19
henrico.gov,"Henrico County, VA",open,allowed,200,bare,,ok or not needed,ok,,cloudflare,yes,2026-08-19
kwc.gov,"King William County, VA",open,allowed,200,bare,,ok or not needed,ok,,cloudflare,yes,2026-08-18
cayugacounty.gov,"Cayuga County, NY",open,allowed,200,www-http,,ok or not needed,ok,,cloudflare,yes,2026-09-09
ci.staunton.va.us,"Staunton, VA",blocks everything,allowed,403,www,denied-403,not reached,403,Granicus govAccess (Akamai),AkamaiGHost,,2026-09-09
yorkcounty.gov,"York County, VA",open,allowed,200,bare,,ok or not needed,ok,,,,2026-08-27
nortonva.gov,"Norton, VA",open,allowed,200,bare,,ok or not needed,ok,,Microsoft-IIS,,2026-09-13
santacruzcountyca.gov,"Santa Cruz County, CA",open,allowed,200,bare,,ok or not needed,ok,,,,2026-08-18
scrcog.org,"South Central Connecticut Planning Region, CT",open,allowed,200,bare,,ok or not needed,ok,,cloudflare,yes,2026-08-18
metrocogct.gov,"Greater Bridgeport Planning Region, CT",open,allowed,200,bare,,ok or not needed,ok,,Apache,,2026-09-09
westcog.org,"Western Connecticut Planning Region, CT",open,allowed,200,bare,,ok or not needed,ok,,Apache,,2026-08-17
nhcogct.gov,"Northwest Hills Planning Region, CT",open,allowed,200,www,,ok or not needed,ok,,Pepyaka,,2026-09-09
nvcogct.gov,"Naugatuck Valley Planning Region, CT",open,allowed,200,bare,,ok or not needed,ok,,nginx,,2026-08-17
rivercog.org,"Lower Connecticut River Valley Planning Region, CT",open,allowed,200,bare,,ok or not needed,ok,,Pepyaka,,2026-08-19
secogct.gov,"Southeastern Connecticut Planning Region, CT",open,allowed,200,bare,,ok or not needed,ok,,cloudflare,yes,2026-09-09
neccog.org,"Northeastern Connecticut Planning Region, CT",open,allowed,200,bare,,ok or not needed,ok,,,,2026-08-18
crcogct.gov,"Capitol Planning Region, CT",open,allowed,200,bare,,ok or not needed,ok,,cloudflare,yes,2026-09-09
barbourcountywv.gov,"Barbour County, WV",open,allowed,200,bare,,ok or not needed,ok,,nginx,,2026-08-18
portercountyin.gov,"Porter County, IN",open,allowed,200,bare,,ok or not needed,ok,,,,2026-08-19
crawfordcountyil.org,"Crawford County, IL",open,allowed,200,bare,,ok or not needed,ok,,Prometheus,,2026-08-18
